activity_id,programming_language,sloc,hours
1,Ada,889,3161
2,Ada,575,1639
3,C#,530,1806
4,Simulink,583,1700
5,Simulink,341,1162
6,Ada,554,2164
7,Simulink,472,1448
8,Simulink,1068,3287
9,Simulink,351,1028
10,Simulink,774,2542
11,C#,851,2047
12,Simulink,965,2935
13,Ada,871,2913
14,Ada,620,2413
15,Ada,872,2888
16,C#,685,1878
17,Ada,324,1305
18,Simulink,409,1582
19,Ada,832,2403
20,Ada,743,2443
21,Ada,912,3241
22,Simulink,551,1556
23,C#,428,1043
24,Ada,371,1547
25,Ada,411,1677
26,C#,959,2566
27,Simulink,681,1784
28,C#,528,1258
29,Simulink,493,1748
30,C#,391,987
31,Simulink,644,2177
32,Ada,454,1788
33,C#,844,2407
34,Simulink,953,2712
35,Ada,337,1586
36,Ada,966,3417
37,C#,1052,2618
38,Ada,748,2578
39,C#,420,1277
40,C#,559,1593
41,Ada,947,3342
42,Ada,400,1651
43,Ada,533,2237
44,C#,631,1674
45,Simulink,760,2369
46,C#,1032,3108
47,C#,1021,2748
48,Simulink,874,2838
49,Ada,1045,3564
50,Simulink,1085,2839
51,Simulink,599,1964
52,Simulink,618,2082
53,Ada,889,2984
54,Simulink,436,1355
55,C#,769,2265
56,Ada,632,2059
57,Simulink,959,3481
58,Simulink,972,3323
59,Ada,711,2359
60,C#,645,1744
61,Simulink,1099,3139
62,C#,1002,2684
63,Ada,350,1173
64,Simulink,350,910
65,Ada,618,1840
66,C#,613,1907
67,Simulink,823,2778
68,Simulink,499,1910
69,Simulink,953,3361
70,Simulink,367,1383
71,Ada,620,2435
72,C#,836,2623
73,Simulink,860,2698
74,Ada,418,1281
75,Ada,832,3288
76,Simulink,568,1811
77,Ada,366,1471
78,C#,696,1893
79,C#,573,1793
80,Simulink,699,2210
81,C#,601,1676
82,Ada,929,2667
83,Ada,915,3518
84,Simulink,752,2455
85,C#,970,2777
86,Ada,1069,3584
87,Simulink,523,1948
88,Simulink,931,2828
89,Simulink,916,2951
90,Simulink,1075,3379
91,Ada,355,1475
92,Simulink,785,2528
93,C#,993,3092
94,Simulink,1045,3044
95,C#,479,1258
96,Simulink,1052,3561
97,C#,840,2536
98,C#,555,1522
99,C#,513,1513
100,Simulink,717,1931
101,Ada,907,2820
102,Simulink,359,1382
103,Simulink,1023,3179
104,Ada,641,2323
105,C#,413,1006
106,C#,365,832
107,C#,595,1841
108,Simulink,443,1482
109,Simulink,459,1072
110,C#,967,2507
111,Simulink,489,1378
112,C#,957,3028
113,Simulink,1069,3147
114,Ada,868,2680
115,Ada,322,1459
116,Ada,1069,3455
117,Simulink,310,756
118,Ada,334,1345
119,Ada,788,2802
120,C#,996,2762
121,Ada,967,3263
122,C#,990,2415
123,C#,335,1163
124,C#,391,1002
125,Ada,459,1764
126,Simulink,845,2538
127,Ada,443,1496
128,Ada,1005,3440
129,C#,411,1532
130,Simulink,893,2800
131,Ada,309,919
132,Ada,723,2164
133,Simulink,633,2155
134,C#,827,1969
135,Simulink,561,1477
136,Simulink,443,1244
137,C#,691,2092
138,C#,498,1302
139,Simulink,931,2408
140,Simulink,613,2059
141,Simulink,868,2944
142,Ada,1069,4005
143,C#,924,2799
144,C#,728,1760
145,Simulink,917,2758
146,Simulink,554,1600
147,Ada,421,1740
148,C#,572,1219
149,Ada,846,2737
150,Simulink,323,858
151,C#,968,2860
152,Ada,388,1350
153,Ada,934,3318
154,Simulink,376,1372
155,Simulink,452,1444
156,C#,768,2634
157,Ada,654,2493
158,Ada,395,1099
159,C#,1058,2880
160,Simulink,809,2604
161,C#,503,1452
162,Ada,472,1549
163,Simulink,900,3234
164,C#,849,2368
165,Ada,869,3295
166,Simulink,941,3379
167,Ada,864,3018
168,C#,998,2871
169,Ada,716,2266
170,Ada,1042,3493
171,Ada,391,1460
172,C#,823,2505
173,Simulink,424,1509
174,C#,661,1977
175,Simulink,393,1053
176,Simulink,511,1485
177,Ada,621,2057
178,C#,939,2546
179,C#,330,1094
180,Ada,1098,3727
181,C#,735,2130
182,Simulink,637,2022
183,C#,617,1840
184,Simulink,638,2352
185,C#,932,2574
186,Ada,1032,3010
187,Simulink,869,2378
188,Simulink,961,3056
189,Simulink,820,2607
190,Ada,399,1626
191,Ada,535,2007
192,Simulink,653,1887
193,Ada,1008,3473
194,C#,304,1147
195,C#,976,2854
196,C#,724,2404
197,Simulink,960,2938
198,C#,462,1303
199,Ada,584,2018
200,Ada,621,2294
201,C#,883,2667
202,C#,875,2578
203,C#,821,2297
204,Simulink,790,2476
205,Ada,888,2979
206,C#,576,1634
207,Ada,561,1855
208,Ada,423,1268
209,Simulink,637,1860
210,C#,918,2995
211,C#,741,2432
212,C#,552,1404
213,Simulink,404,1195
214,C#,528,1811
215,C#,429,1460
216,Ada,870,2613
217,C#,1063,2756
218,Simulink,648,1901
219,Simulink,1087,3279
220,Ada,549,1895
221,Simulink,1060,3599
222,Ada,512,1565
223,Simulink,753,2032
224,Ada,909,3074
225,Simulink,482,1339
226,Simulink,695,2053
227,C#,874,2591
228,Simulink,730,2231
229,Simulink,832,2915
230,Simulink,467,1209
231,C#,423,1245
232,Ada,853,3086
233,Ada,966,2956
234,Ada,648,1998
235,Simulink,639,1736
236,C#,947,2358
237,Ada,450,1728
238,C#,489,1537
239,Ada,741,2474
240,C#,357,1243
241,Simulink,974,3423
242,Simulink,417,1182
243,Ada,1005,3551
244,Simulink,504,1889
245,Ada,408,1604
246,Ada,466,1677
247,C#,468,1305
248,C#,518,1469
249,C#,703,1726
250,C#,575,1264
251,C#,683,2044
252,C#,322,1155
253,Simulink,797,2646
254,C#,828,2268
255,Ada,327,949
256,Ada,981,3513
257,C#,409,1197
258,Simulink,359,942
259,Ada,637,2144
260,Ada,399,1334
261,C#,850,2128
262,C#,1007,2913
263,C#,694,2146
264,C#,477,1740
265,Ada,416,1421
266,Simulink,935,2769
267,Ada,879,3005
268,C#,623,1451
269,Ada,848,2965
270,C#,662,1723
271,Ada,700,2487
272,C#,836,2203
273,C#,421,1202
274,Ada,386,1161
275,C#,605,1652
276,Ada,640,2365
277,Simulink,906,2484
278,Simulink,972,3555
279,Ada,911,3384
280,C#,656,1544
281,Simulink,351,1463
282,C#,897,2585
283,C#,568,1966
284,Ada,551,2028
285,Ada,998,2865
286,Simulink,393,1367
287,Ada,706,2240
288,Ada,683,2411
289,C#,789,2162
290,Simulink,641,2059
291,Simulink,551,1675
292,Ada,913,3370
293,Ada,484,1875
294,Simulink,966,2910
295,Simulink,506,1771
296,Ada,419,1501
297,C#,978,2911
298,C#,361,974
299,C#,846,2254
300,C#,509,1506
301,Simulink,316,1328
302,Ada,313,938
303,Ada,544,1948
304,C#,709,1966
305,C#,396,1448
306,C#,499,1265
307,C#,718,2107
308,Ada,336,1332
309,Simulink,944,3052
310,C#,342,1148
311,Simulink,660,1807
312,Ada,868,2906
313,Ada,794,2951
314,Simulink,1020,3169
315,C#,477,1373
316,Simulink,436,1799
317,Simulink,1028,3014
318,C#,711,2104
319,Ada,1015,3614
320,C#,580,1458
321,Ada,835,2998
322,Ada,717,2578
323,C#,813,2335
324,Ada,504,1585
325,Ada,405,1181
326,C#,1042,2662
327,Simulink,881,2547
328,Simulink,563,1885
329,C#,359,825
330,Simulink,836,2839
331,C#,714,2065
332,Ada,409,1228
333,C#,620,1888
334,Simulink,529,1450
335,Ada,478,1384
336,Simulink,660,2345
337,C#,664,1876
338,C#,1008,2587
339,Simulink,434,1216
340,C#,485,1470
341,C#,526,1829
342,Ada,897,3297
343,Ada,732,2954
344,Ada,780,2618
345,Simulink,727,2179
346,Ada,1068,3561
347,Simulink,304,1186
348,Ada,806,3182
349,C#,702,1703
350,Ada,850,3203
351,Ada,907,2991
352,C#,1032,2858
353,Ada,976,3305
354,Simulink,857,2731
355,Ada,1040,3486
356,Simulink,386,1232
357,Simulink,695,2225
358,Simulink,351,911
359,Ada,1034,3638
360,Ada,882,2932
361,C#,368,968
362,Ada,880,2971
363,Ada,511,1830
364,Simulink,704,2673
365,Simulink,935,2783
366,Simulink,789,2729
367,Ada,1022,3341
368,Simulink,731,2228
369,Ada,955,3525
370,Ada,500,1842
371,Simulink,564,1566
372,Ada,829,2762
373,C#,479,1622
374,C#,1078,2673
375,Ada,498,1911
376,Simulink,917,3194
377,Simulink,335,1150
378,C#,395,1152
379,Simulink,465,1419
380,Ada,586,1905
381,Ada,1016,2975
382,Ada,775,2785
383,C#,488,1760
384,C#,1020,2869
385,C#,632,1643
386,Ada,752,2253
387,Ada,1032,3803
388,C#,794,2145
389,C#,821,2199
390,Simulink,861,3093
391,C#,948,3051
392,C#,936,2154
393,Simulink,301,1140
394,Ada,1051,3666
395,Ada,806,2539
396,Ada,509,1634
397,Ada,581,1984
398,Ada,466,1755
399,Simulink,736,2759
400,Simulink,1095,3611
401,C#,765,2480
402,Ada,398,1738
403,Ada,995,3334
404,Ada,614,2135
405,Ada,1050,3116
406,Ada,958,3824
407,C#,622,2009
408,Simulink,644,1889
409,C#,837,2445
410,Simulink,694,2244
411,Ada,837,2851
412,Ada,538,2062
413,Ada,955,3319
414,C#,441,1308
415,Simulink,843,2256
416,Simulink,1084,3963
417,Ada,891,3118
418,Simulink,1069,2903
419,C#,785,2202
420,C#,359,1307
421,C#,675,1952
422,Ada,677,2349
423,C#,452,1319
424,C#,698,2293
425,Simulink,849,3098
426,Simulink,718,2041
427,C#,541,1631
428,Simulink,304,1031
429,C#,763,2525
430,C#,626,1887
431,Ada,698,2375
432,C#,827,1945
433,C#,1062,3488
434,Simulink,447,1713
435,C#,452,1469
436,Simulink,837,2764
437,C#,986,2497
438,Ada,381,1262
439,Simulink,876,2784
440,C#,515,1681
441,Simulink,383,1459
442,Ada,1004,3076
443,Simulink,1058,3061
444,Ada,640,2068
445,Simulink,752,2421
446,Simulink,300,951
447,Ada,876,2993
448,Simulink,910,2908
449,Ada,586,2339
450,Simulink,1009,3141
451,C#,473,1616
452,Ada,313,1094
453,C#,849,2550
454,Simulink,479,1523
455,Simulink,947,2565
456,Simulink,365,1178
457,Ada,644,2094
458,Simulink,681,2403
459,Simulink,661,2043
460,Ada,458,1584
461,Simulink,1019,3291
462,Simulink,925,2992
463,Ada,495,1528
464,C#,701,2007
465,C#,392,1191
466,Ada,476,1796
467,C#,315,623
468,Simulink,452,1709
469,Simulink,483,1654
470,Ada,1031,3599
471,Ada,492,1476
472,Ada,707,2425
473,Simulink,537,1650
474,Simulink,815,2932
475,Ada,511,1770
476,Simulink,367,1273
477,C#,388,974
478,C#,1087,2591
479,Ada,941,2956
480,Ada,849,3157
481,Ada,977,3294
482,Ada,819,2565
483,Simulink,920,2874
484,Ada,870,3139
485,Ada,435,1443
486,Simulink,464,1278
487,Simulink,685,2156
488,C#,1012,2666
489,Ada,1000,3501
490,C#,796,2228
491,Ada,304,999
492,Ada,344,1226
493,Ada,748,2232
494,Simulink,953,3087
495,Ada,506,1815
496,Ada,346,1255
497,Ada,812,3255
498,Ada,441,1418
499,Ada,784,2801
500,C#,644,1835
501,C#,1053,2825
502,Simulink,622,1842
503,Simulink,959,2788
504,Ada,890,3146
505,C#,910,2553
506,Ada,689,2708
507,Ada,997,3078
508,Simulink,312,920
509,C#,935,2656
510,Ada,812,3126
511,Ada,581,2309
512,Ada,967,3302
513,C#,1086,3025
514,C#,578,1488
515,Ada,392,1256
516,Ada,417,1566
517,Ada,834,2562
518,Ada,369,1555
519,Ada,456,1632
520,Simulink,315,1207
521,C#,865,2443
522,Simulink,715,2070
523,C#,356,957
524,C#,1082,3166
525,C#,327,891
526,Simulink,553,1644
527,Simulink,998,3589
528,C#,643,2048
529,Ada,930,3030
530,Ada,463,1792
531,Simulink,530,1460
532,Simulink,412,1046
533,C#,832,2361
534,Simulink,567,1703
535,Simulink,729,2019
536,C#,741,1913
537,Simulink,1037,2920
538,Simulink,428,1619
539,Simulink,948,2895
540,Ada,1089,4196
541,Ada,585,2051
542,Ada,934,2790
543,Simulink,381,1198
544,Ada,308,1113
545,C#,897,2444
546,Simulink,796,2249
547,Ada,350,1455
548,Simulink,840,2608
549,C#,691,1590
550,C#,413,1319
551,C#,1044,3148
552,C#,654,1976
553,C#,527,1619
554,C#,440,1100
555,Simulink,664,2430
556,Simulink,925,2613
557,C#,495,1114
558,C#,849,2697
559,Simulink,888,2766
560,Ada,606,2184
561,C#,965,2521
562,Ada,355,1505
563,C#,877,2155
564,Ada,681,2532
565,Ada,704,2406
566,Simulink,783,2426
567,Simulink,734,2036
568,Simulink,686,2149
569,Simulink,832,2901
570,Simulink,979,3366
571,C#,407,1025
572,Simulink,996,3259
573,C#,991,2830
574,C#,1076,3037
575,Ada,1065,3336
576,Simulink,390,1188
577,Simulink,610,1695
578,Ada,694,2402
579,Ada,839,2619
580,Ada,438,1545
581,Ada,883,3216
582,Ada,815,2500
583,C#,1037,2910
584,C#,820,2449
585,C#,600,1922
586,Ada,911,2694
587,C#,814,2381
588,C#,504,1619
589,C#,744,2192
590,Simulink,771,2466
591,C#,630,1727
592,Ada,757,2783
593,C#,827,2008
594,Ada,905,3241
595,Simulink,679,1826
596,C#,486,1438
597,Ada,423,1191
598,C#,1053,2930
599,Simulink,1082,3547
600,C#,618,1641
601,Ada,302,1362
602,C#,301,870
603,Ada,695,2117
604,Ada,443,1419
605,C#,680,2339
606,Ada,378,1650
607,Ada,404,1258
608,Ada,817,3071
609,Simulink,854,3016
610,Simulink,848,2689
611,C#,601,1638
612,Simulink,411,1573
613,Ada,445,1923
614,Simulink,1045,3477
615,Ada,866,2996
616,C#,783,2154
617,C#,857,2431
618,Ada,472,1684
619,Simulink,855,2582
620,Ada,1092,3322
621,Ada,986,3531
622,C#,344,890
623,Ada,415,1649
624,C#,894,2162
625,Ada,1045,3384
626,C#,808,2185
627,Simulink,492,1580
628,C#,974,2660
629,Simulink,360,1245
630,Ada,696,2442
631,Simulink,312,959
632,Simulink,676,2136
633,C#,718,2236
634,C#,858,2449
635,Simulink,960,2961
636,Ada,986,3542
637,C#,399,918
638,Ada,456,1579
639,C#,418,1019
640,C#,1051,3283
641,Simulink,368,1371
642,Simulink,405,1165
643,Simulink,747,2213
644,Ada,853,2497
645,Ada,717,2209
646,Simulink,1005,2722
647,Ada,371,1348
648,Ada,471,1668
649,C#,803,2365
650,Ada,422,1251
651,C#,1003,3175
652,Ada,567,1996
653,Simulink,726,2223
654,Ada,829,2604
655,Simulink,693,2020
656,C#,881,2249
657,Ada,652,2220
658,C#,474,1515
659,C#,692,2102
660,C#,865,2782
661,C#,473,1252
662,Ada,500,1725
663,Ada,427,1751
664,Ada,969,3460
665,C#,513,1404
666,Ada,573,2162
667,Simulink,1093,3167
668,Ada,1083,3909
669,C#,537,1632
670,Simulink,780,2458
671,Simulink,467,1619
672,Ada,902,3577
673,Simulink,571,1924
674,Ada,670,2379
675,Ada,342,935
676,Ada,611,1781
677,Simulink,952,3018
678,C#,956,2278
679,Simulink,596,2080
680,Simulink,851,2413
681,Simulink,425,1114
682,Ada,1099,3195
683,Ada,720,2172
684,C#,438,1296
685,Ada,636,1960
686,Ada,939,2950
687,Ada,666,2291
688,C#,508,1396
689,C#,561,1640
690,Simulink,501,1690
691,Simulink,692,2212
692,Simulink,556,1854
693,Simulink,736,2409
694,Simulink,665,2189
695,Ada,965,3027
696,Simulink,765,2689
697,Simulink,441,1450
698,Simulink,745,2278
699,C#,691,1779
700,Ada,905,2878
701,Ada,760,2658
702,Simulink,393,1109
703,Ada,858,3286
704,C#,833,2754
705,Simulink,946,2729
706,C#,1092,2631
707,Ada,323,1333
708,Ada,484,1694
709,C#,967,2716
710,Ada,509,1802
711,C#,1031,2523
712,Ada,766,2666
713,Ada,782,2852
714,Ada,768,2770
715,Simulink,487,1748
716,Simulink,555,1367
717,Simulink,989,2668
718,Ada,912,3221
719,Ada,823,2799
720,C#,442,1091
721,Ada,788,2479
722,C#,440,1376
723,Simulink,866,3056
724,Simulink,788,2158
725,C#,967,2803
726,C#,414,1105
727,Simulink,730,2453
728,C#,791,2394
729,Ada,1072,3491
730,Ada,953,3534
731,Ada,350,1380
732,C#,528,1224
733,Ada,469,1924
734,Ada,1067,3905
735,Ada,448,1841
736,C#,407,1029
737,C#,994,2315
738,Simulink,486,1820
739,Ada,1088,3472
740,C#,397,1526
741,C#,746,2169
742,Ada,1005,3017
743,Ada,891,3330
744,Ada,853,3199
745,C#,1042,3148
746,Ada,618,2167
747,Ada,587,2300
748,Ada,941,3654
749,Ada,1027,3636
750,Simulink,718,2072
751,C#,601,1722
752,Ada,822,2833
753,Ada,417,1544
754,Simulink,802,2517
755,Simulink,680,2561
756,Ada,930,2922
757,C#,1012,2619
758,C#,832,2528
759,C#,557,1480
760,Ada,517,1908
761,C#,992,2498
762,C#,304,845
763,Ada,579,2391
764,C#,644,1963
765,Ada,952,3252
766,Ada,647,2243
767,C#,637,1974
768,C#,440,1035
769,Ada,738,2604
770,Simulink,302,1136
771,C#,340,880
772,Simulink,969,2986
773,Simulink,653,1777
774,Ada,928,2896
775,Simulink,958,2681
776,Simulink,989,3307
777,Ada,739,2304
778,C#,1096,3001
779,Simulink,686,2534
780,C#,897,2765
781,Simulink,521,1610
782,Simulink,866,2700
783,Simulink,996,3363
784,Simulink,565,2002
785,Simulink,660,1871
786,Ada,717,2950
787,Simulink,841,2625
788,Simulink,581,2041
789,Simulink,510,1447
790,Ada,559,2045
791,Ada,316,1132
792,Simulink,680,1737
793,Ada,646,1913
794,Simulink,324,764
795,C#,449,1540
796,Ada,792,2893
797,Ada,451,1745
798,Simulink,947,3124
799,Ada,365,1481
800,Ada,895,2910
801,Simulink,583,1645
802,C#,1033,2781
803,Simulink,825,2560
804,Ada,937,2721
805,Ada,615,1913
806,Simulink,586,1719
807,Ada,733,2175
808,Ada,784,2807
809,Ada,439,1153
810,Ada,889,3268
811,C#,975,2711
812,Simulink,779,2420
813,Ada,991,3107
814,Simulink,648,1955
815,C#,404,876
816,C#,601,1727
817,Simulink,579,1928
818,C#,591,1285
819,Ada,543,1737
820,C#,466,1534
821,C#,648,1959
822,C#,532,1688
823,Ada,676,2508
824,C#,975,2838
825,C#,558,1951
826,Simulink,806,2157
827,Ada,555,2076
828,C#,335,1329
829,Simulink,878,3062
830,Ada,531,1858
831,C#,515,1282
832,C#,775,1970
833,C#,1032,2496
834,Ada,377,1180
835,Simulink,856,2587
836,Ada,415,1414
837,Ada,453,1470
838,Simulink,1069,3454
839,Ada,574,2093
840,C#,709,2058
841,Simulink,631,2099
842,Simulink,1083,3406
843,C#,481,1552
844,Ada,388,1077
845,Ada,960,3614
846,Simulink,713,2206
847,Simulink,441,1582
848,C#,555,1781
849,Ada,301,1072
850,Ada,513,1469
851,C#,1020,2756
852,C#,706,1862
853,Simulink,1002,2687
854,Ada,823,2764
855,Ada,906,2574
856,C#,951,2505
857,Ada,321,1157
858,Ada,883,3000
859,Simulink,489,1390
860,Simulink,957,3223
861,Simulink,387,1213
862,C#,640,1884
863,C#,445,1247
864,C#,437,1197
865,Simulink,398,964
866,C#,691,2128
867,Simulink,724,2140
868,Ada,1088,4198
869,Ada,415,1512
870,C#,633,1477
871,Ada,961,3678
872,C#,824,2676
873,Ada,861,3340
874,Simulink,852,3162
875,Simulink,789,2631
876,C#,1077,2816
877,C#,780,1806
878,C#,414,1310
879,Ada,505,1843
880,Ada,864,2629
881,C#,981,2930
882,C#,649,2116
883,Ada,911,3310
884,Ada,804,2907
885,Ada,782,2639
886,Simulink,463,1380
887,Ada,526,1477
888,C#,779,2279
889,C#,624,1948
890,C#,1089,2647
891,Simulink,729,2201
892,Simulink,534,1792
893,Ada,323,1208
894,Simulink,903,2799
895,Simulink,415,1511
896,Ada,948,3122
897,Ada,704,2416
898,C#,470,1176
899,C#,620,1991
900,Ada,852,2932
901,C#,790,2451
902,Ada,685,2714
903,C#,665,1993
904,C#,848,2572
905,Ada,443,1714
906,Simulink,374,976
907,Ada,481,1738
908,Simulink,335,1163
909,Ada,585,2015
910,C#,701,1994
911,Simulink,610,1701
912,Simulink,553,1401
913,Ada,1032,3291
914,Ada,1015,3353
915,C#,709,2089
916,C#,538,1638
917,Simulink,382,1473
918,Ada,756,2393
919,Ada,548,2008
920,Simulink,798,2745
921,C#,775,1706
922,Simulink,342,1444
923,Ada,897,2876
924,Simulink,612,1863
925,Ada,1048,3010
926,Ada,736,2933
927,Ada,315,969
928,Simulink,389,1507
929,Ada,618,2381
930,C#,897,2636
931,Ada,829,2997
932,Ada,500,1767
933,Ada,721,2753
934,Simulink,790,2606
935,C#,456,1117
936,Simulink,971,3161
937,C#,636,1521
938,C#,407,1193
939,Simulink,466,1677
940,Ada,572,1841
941,C#,842,2678
942,Simulink,502,1463
943,Ada,467,1596
944,Ada,892,3282
945,Ada,972,3536
946,C#,732,2304
947,C#,960,2523
948,Simulink,367,1514
949,C#,875,2160
950,C#,1083,2971
951,Simulink,856,3055
952,Simulink,361,1409
953,Ada,722,2431
954,Simulink,930,2721
955,Simulink,447,1623
956,Ada,882,2557
957,Ada,371,1064
958,Ada,857,2497
959,Ada,992,3045
960,Simulink,633,2241
961,C#,888,2048
962,Ada,679,2348
963,Simulink,809,2560
964,Ada,423,1552
965,C#,860,2502
966,Ada,903,2799
967,Simulink,628,1988
968,Ada,1039,3741
969,Simulink,554,1967
970,C#,822,2192
971,C#,741,2286
972,C#,457,1341
973,C#,750,1729
974,Ada,667,2403
975,Ada,801,2710
976,Simulink,469,1501
977,Simulink,993,3153
978,Simulink,762,2570
979,Simulink,479,1432
980,Ada,1097,3932
981,Simulink,1089,3266
982,Simulink,492,1786
983,Ada,319,821
984,Simulink,570,1641
985,C#,1095,3166
986,Ada,321,993
987,Ada,671,2412
988,Ada,992,3320
989,C#,908,2367
990,C#,391,1426
991,Simulink,747,2456
992,Ada,720,2570
993,Simulink,990,3057
994,Simulink,597,1668
995,C#,473,1497
996,C#,914,2615
997,Simulink,991,3029
998,Simulink,863,3144
999,Simulink,763,2199
1000,C#,773,2234
1001,Simulink,386,1195
1002,Simulink,927,2850
1003,Ada,581,2109
1004,Simulink,633,1952
1005,Ada,925,3223
1006,Ada,1094,3747
1007,C#,646,1599
1008,Ada,684,2571
1009,C#,646,1717
1010,Simulink,396,1052
1011,C#,415,1402
1012,Simulink,1088,3113
1013,Ada,880,3029
1014,Ada,1040,3737
1015,C#,1071,2820
1016,C#,427,1326
1017,Simulink,944,3062
1018,C#,693,2091
1019,Ada,531,1880
1020,Simulink,461,1548
1021,C#,1011,2509
1022,C#,842,2382
1023,Ada,792,3003
1024,Simulink,403,1356
1025,Ada,989,3288
1026,Simulink,346,1406
1027,Ada,408,1110
1028,Ada,864,2955
1029,Ada,719,2777
1030,Simulink,607,2057
1031,Ada,708,2320
1032,Simulink,392,1060
1033,Simulink,538,1766
1034,C#,949,2706
1035,Simulink,959,2822
1036,Simulink,609,1996
1037,Simulink,983,2727
1038,C#,866,2153
1039,Simulink,982,3033
1040,C#,742,1979
1041,Simulink,659,1713
1042,C#,697,2059
1043,Ada,868,2571
1044,C#,490,1072
1045,Ada,832,2632
1046,Simulink,1100,3560
1047,Simulink,903,2872
1048,Simulink,424,1223
1049,Simulink,1083,3072
1050,C#,862,2740
1051,Ada,479,1813
1052,Ada,359,1319
1053,Simulink,876,2962
1054,Ada,806,2753
1055,Ada,983,3200
1056,C#,460,1525
1057,Ada,478,1692
1058,Ada,568,1742
1059,Ada,495,1463
1060,Ada,695,2096
1061,C#,368,1265
1062,Simulink,537,1621
1063,Simulink,372,1054
1064,Simulink,754,2198
1065,C#,442,1235
1066,Ada,893,3014
1067,Ada,972,3873
1068,Simulink,589,2111
1069,Ada,488,1453
1070,Ada,402,1580
1071,Ada,601,2000
1072,C#,829,2589
1073,C#,761,2167
1074,C#,434,1677
1075,C#,466,1379
1076,C#,416,1294
1077,Ada,609,1788
1078,Simulink,328,1434
1079,Simulink,1100,3393
1080,Simulink,1008,3554
1081,Simulink,783,2218
1082,Simulink,596,1465
1083,Ada,530,2079
1084,Ada,359,1416
1085,C#,605,1938
1086,Simulink,895,2921
1087,Ada,825,2832
1088,Simulink,588,1728
1089,Ada,701,2123
1090,C#,384,1236
1091,C#,756,2068
1092,C#,527,1623
1093,Simulink,1064,3257
1094,C#,781,1919
1095,Simulink,696,2556
1096,C#,668,2032
1097,C#,324,1172
1098,C#,320,853
1099,Ada,968,3444
1100,Ada,1012,3816
1101,Ada,369,1238
1102,Simulink,314,739
1103,C#,304,1160
1104,Simulink,599,2223
1105,Simulink,748,2475
1106,C#,923,2390
1107,Simulink,673,2195
1108,Ada,646,2243
1109,Ada,791,3006
1110,C#,615,1986
1111,Ada,373,1255
1112,C#,1018,2756
1113,C#,313,988
1114,Ada,524,1716
1115,Ada,967,3275
1116,Simulink,343,1121
1117,Ada,386,1313
1118,Ada,889,2941
1119,Simulink,732,2328
1120,Simulink,503,1484
1121,C#,334,1348
1122,Ada,590,2029
1123,Simulink,522,1648
1124,Simulink,696,2433
1125,C#,837,2804
1126,Ada,778,2210
1127,C#,871,2439
1128,Ada,718,2708
1129,C#,699,1869
1130,Simulink,514,1402
1131,Ada,967,3077
1132,Simulink,510,1729
1133,Simulink,1076,3174
1134,C#,369,859
1135,C#,613,1914
1136,Ada,401,1471
1137,C#,377,1302
1138,Simulink,991,2893
1139,Ada,716,2648
1140,Ada,492,1584
1141,Simulink,956,2798
1142,Ada,764,2572
1143,C#,887,2484
1144,Simulink,363,1175
1145,Ada,1009,3624
1146,C#,987,3026
1147,C#,433,1332
1148,Simulink,1020,3137
1149,Simulink,1040,3013
1150,C#,956,2803
1151,Ada,876,3038
1152,Simulink,311,1347
1153,C#,1012,2544
1154,Simulink,677,1940
1155,Simulink,1015,2855
1156,Ada,415,1252
1157,Simulink,690,2186
1158,C#,496,1571
1159,C#,993,2573
1160,C#,619,1640
1161,Ada,526,2034
1162,Ada,583,1752
1163,C#,341,899
1164,Simulink,908,3127
1165,Simulink,581,1656
1166,Ada,466,1880
1167,Ada,653,2267
1168,Simulink,780,2733
1169,C#,538,1683
1170,Ada,946,2761
1171,Simulink,728,2225
1172,Ada,540,1894
1173,C#,369,1326
1174,Simulink,887,2809
1175,Simulink,864,2770
1176,C#,573,1408
1177,Simulink,969,3069
1178,Ada,358,1215
1179,Ada,1051,3345
1180,Simulink,489,1773
1181,Ada,726,2827
1182,C#,594,1733
1183,Simulink,834,2387
1184,Ada,873,3055
1185,Simulink,1050,2946
1186,Ada,1096,4245
1187,Ada,804,2531
1188,Ada,1024,3532
1189,Ada,925,3226
1190,Simulink,936,3227
1191,C#,688,2021
1192,Ada,550,2110
1193,Simulink,382,1424
1194,Ada,699,2750
1195,Simulink,448,1540
1196,Simulink,903,2919
1197,Ada,994,3316
1198,C#,956,2376
1199,Ada,340,1199
1200,Simulink,493,1621
1201,C#,708,1927
1202,C#,667,1845
1203,C#,1085,3507
1204,Simulink,1072,3412
1205,Ada,581,2131
1206,Ada,398,1206
1207,C#,521,1430
1208,C#,536,1451
1209,Ada,487,1995
1210,Simulink,593,1664
1211,C#,361,1236
1212,C#,345,1015
1213,Ada,491,1572
1214,C#,419,1279
1215,Simulink,631,2314
1216,Ada,1086,3375
1217,Ada,524,1681
1218,Ada,687,2703
1219,C#,594,1974
1220,C#,696,2112
1221,Ada,681,2332
1222,C#,847,2460
1223,Ada,1002,3299
1224,Simulink,338,1289
1225,Simulink,303,1109
1226,Simulink,327,1338
1227,C#,542,1385
1228,C#,441,1186
1229,Ada,1012,3250
1230,Ada,641,2081
1231,Ada,944,3056
1232,Ada,995,3598
1233,C#,596,1672
1234,Simulink,734,2160
1235,C#,313,902
1236,Simulink,842,2859
1237,Simulink,357,1036
1238,Simulink,585,2248
1239,C#,1007,3227
1240,Ada,1067,3613
1241,Ada,451,1593
1242,Ada,920,3301
1243,Ada,886,3338
1244,Ada,592,2137
1245,C#,609,1955
1246,C#,790,2284
1247,Ada,625,2045
1248,C#,635,1975
1249,Simulink,638,2270
1250,Ada,726,2435
1251,Ada,547,2063
1252,Ada,1071,3665
1253,Ada,1004,3165
1254,Simulink,1058,2965
1255,Simulink,661,2067
1256,C#,466,1475
1257,Ada,769,2455
1258,Ada,748,2666
1259,C#,728,2367
1260,Simulink,760,2458
1261,C#,724,1780
1262,Ada,705,2485
1263,Ada,773,2878
1264,Ada,1010,3228
1265,Ada,1052,3838
1266,C#,980,2579
1267,Simulink,961,3155
1268,C#,881,2771
1269,C#,386,932
1270,Ada,498,1822
1271,C#,848,2061
1272,C#,524,1856
1273,C#,642,1973
1274,C#,721,2182
1275,Simulink,400,962
1276,Ada,912,3431
1277,Ada,951,2791
1278,Simulink,1075,3624
1279,Ada,471,1780
1280,Ada,986,3443
1281,Simulink,690,2555
1282,Ada,357,1197
1283,C#,1085,3309
1284,Simulink,875,2928
1285,Ada,510,1872
1286,Simulink,1082,3129
1287,C#,312,795
1288,Ada,353,1464
1289,Ada,882,2522
1290,Simulink,636,2316
1291,Ada,488,2037
1292,Ada,598,2181
1293,Ada,874,3013
1294,Ada,618,2191
1295,C#,708,2178
1296,Ada,785,2947
1297,Simulink,762,2541
1298,Ada,964,3411
1299,Ada,375,1665
1300,C#,722,2291
1301,Simulink,432,1494
1302,Ada,809,2597
1303,Ada,544,1924
1304,Simulink,616,1823
1305,C#,335,853
1306,Ada,482,1978
1307,C#,813,2385
1308,Simulink,431,1571
1309,Ada,566,1862
1310,Simulink,857,2648
1311,C#,1056,3331
1312,C#,354,1192
1313,Ada,582,2344
1314,Ada,755,2285
1315,Ada,771,2259
1316,C#,355,870
1317,C#,413,945
1318,C#,955,3138
1319,Simulink,1092,3776
1320,Simulink,573,1568
1321,C#,597,1918
1322,C#,530,1573
1323,C#,566,1981
1324,Ada,862,2936
1325,Ada,493,1574
1326,Ada,784,2693
1327,C#,321,952
1328,Ada,857,2929
1329,Ada,443,1664
1330,Simulink,769,2338
1331,C#,843,2410
1332,Ada,924,3295
1333,Ada,712,2108
1334,Ada,897,3046
1335,C#,390,1008
1336,Simulink,703,2201
1337,Ada,737,2697
1338,Simulink,383,1192
1339,Simulink,1066,3285
1340,Simulink,327,980
1341,Ada,807,2957
1342,Ada,340,1307
1343,Ada,327,974
1344,Simulink,588,1437
1345,C#,303,1132
1346,C#,1050,3105
1347,Simulink,906,2384
1348,Ada,665,1993
1349,Simulink,539,1587
1350,Ada,653,2205
1351,Ada,734,2169
1352,Ada,1034,3648
1353,Simulink,859,2631
1354,Ada,855,2757
1355,C#,415,1178
1356,Ada,697,2307
1357,C#,392,964
1358,Simulink,611,2100
1359,C#,951,2761
1360,Simulink,944,2966
1361,C#,1052,2672
1362,Simulink,613,1778
1363,Simulink,390,1492
1364,C#,521,1270
1365,C#,386,1028
1366,Simulink,936,3358
1367,Simulink,448,1182
1368,Simulink,800,2356
1369,Ada,851,2617
1370,C#,350,1056
1371,C#,347,1185
1372,C#,550,1597
1373,Simulink,550,1753
1374,Simulink,407,1270
1375,C#,927,2623
1376,Ada,803,2615
1377,C#,800,2327
1378,Ada,716,2244
1379,Simulink,600,2332
1380,Simulink,804,2613
1381,C#,467,1406
1382,Ada,661,2541
1383,Simulink,841,2903
1384,Ada,637,2051
1385,Ada,859,2926
1386,C#,553,1473
1387,C#,366,1004
1388,C#,342,742
1389,Simulink,1006,2696
1390,Ada,431,1366
1391,C#,369,1383
1392,Ada,1054,3155
1393,Ada,726,2130
1394,Ada,367,1292
1395,Ada,350,1053
1396,C#,686,2057
1397,C#,893,2512
1398,Simulink,471,1624
1399,C#,347,1168
1400,Ada,962,3547
1401,Simulink,691,2106
1402,Simulink,643,2020
1403,Ada,866,3160
1404,Simulink,986,2891
1405,Simulink,652,2227
1406,Simulink,309,1151
1407,Ada,443,1347
1408,Simulink,525,1483
1409,Simulink,896,2952
1410,C#,902,2905
1411,Simulink,565,1458
1412,C#,688,2145
1413,Simulink,790,2494
1414,Ada,975,3081
1415,Ada,974,3148
1416,Simulink,601,1775
1417,Ada,452,1908
1418,Simulink,988,3398
1419,Ada,1037,3599
1420,Simulink,473,1275
1421,Simulink,517,1719
1422,Simulink,833,2225
1423,C#,461,1629
1424,Ada,364,1356
1425,Ada,584,2018
1426,C#,494,1435
1427,C#,1067,3151
1428,Simulink,629,1991
1429,Ada,522,1456
1430,Ada,1010,3390
1431,Ada,674,2340
1432,Simulink,468,1579
1433,Ada,353,1046
1434,Simulink,667,2156
1435,Ada,1075,3766
1436,Simulink,450,1698
1437,Ada,909,2916
1438,Ada,660,2360
1439,C#,1049,3453
1440,Ada,588,1998
1441,Simulink,896,2911
1442,Ada,858,2799
1443,Simulink,841,2454
1444,Ada,544,1752
1445,Simulink,811,2684
1446,C#,379,1086
1447,Ada,613,2140
1448,Simulink,973,3042
1449,Simulink,343,1086
1450,C#,787,2331
1451,Simulink,394,1368
1452,Ada,495,1641
1453,C#,846,2599
1454,C#,948,2982
1455,C#,393,1316
1456,C#,696,2220
1457,Ada,792,3088
1458,C#,1084,3296
1459,C#,948,2746
1460,Ada,814,2832
1461,Ada,1002,3398
1462,Ada,1040,3368
1463,Ada,730,2558
1464,Simulink,829,2460
1465,C#,406,1294
1466,Ada,861,3123
1467,Simulink,333,1360
1468,C#,454,1465
1469,Ada,829,2807
1470,Ada,1006,3466
1471,Ada,795,3007
1472,Simulink,568,1954
1473,C#,982,2952
1474,Simulink,967,3041
1475,C#,411,1509
1476,C#,970,2769
1477,Ada,399,1571
1478,Simulink,585,1859
1479,Simulink,341,906
1480,Simulink,1051,3439
1481,C#,698,1741
1482,Ada,741,2525
1483,Simulink,889,3184
1484,Simulink,890,3010
1485,Ada,627,2262
1486,C#,953,2599
1487,Ada,708,2314
1488,Ada,704,2446
1489,Ada,1045,3558
1490,C#,1097,3170
1491,Ada,1055,3351
1492,Simulink,516,1681
1493,Simulink,555,1633
1494,Simulink,826,2235
1495,C#,853,2277
1496,Simulink,866,2966
1497,Simulink,680,2464
1498,Ada,642,2385
1499,Ada,654,2489
1500,C#,779,2386
1501,Simulink,315,1358
1502,C#,822,2006
1503,C#,628,1601
1504,Simulink,476,1880
1505,C#,743,2067
1506,Simulink,621,2069
1507,C#,783,2169
1508,C#,948,3090
1509,Simulink,620,2043
1510,Simulink,1040,3607
1511,Simulink,783,2479
1512,C#,702,1623
1513,Ada,940,3582
1514,Simulink,1061,3534
1515,C#,1097,3074
1516,C#,801,2529
1517,Simulink,989,3035
1518,Ada,522,1842
1519,Ada,680,2573
1520,C#,1029,2996
1521,Simulink,547,1884
1522,C#,643,1721
1523,Simulink,484,1580
1524,C#,590,1835
1525,Ada,1091,4045
1526,Simulink,1044,2792
1527,C#,838,2105
1528,Ada,894,2996
1529,Ada,853,2458
1530,Simulink,632,1934
1531,C#,924,2834
1532,Simulink,1068,3396
1533,Simulink,706,2017
1534,C#,810,2590
1535,C#,925,2495
1536,Ada,710,2530
1537,Simulink,501,1320
1538,Ada,328,1161
1539,Simulink,528,1733
1540,Simulink,887,2564
1541,C#,746,2453
1542,Ada,905,3157
1543,C#,1047,2708
1544,Ada,627,2354
1545,C#,701,2020
1546,Simulink,891,2801
1547,Simulink,653,2043
1548,Simulink,828,2542
1549,Simulink,466,1424
1550,Ada,617,2100
1551,Ada,544,2211
1552,C#,703,2222
1553,C#,742,1797
1554,Ada,768,2838
1555,C#,665,1775
1556,Simulink,997,3112
1557,Ada,522,1434
1558,Ada,758,2229
1559,Ada,839,3231
1560,C#,397,1392
1561,Ada,645,2018
1562,C#,385,1120
1563,C#,995,2558
1564,Simulink,800,2690
1565,Ada,921,2978
1566,Ada,478,1786
1567,Simulink,1100,3223
1568,C#,465,1582
1569,Simulink,454,1374
1570,C#,593,1831
1571,C#,385,1361
1572,Simulink,972,2870
1573,Simulink,622,1943
1574,Ada,428,1333
1575,Ada,992,3900
1576,Simulink,356,1312
1577,Simulink,525,1794
1578,Simulink,627,1495
1579,Simulink,501,1439
1580,Ada,315,1303
1581,Simulink,389,976
1582,C#,783,2030
1583,C#,1028,2611
1584,Ada,425,1557
1585,Simulink,610,2235
1586,Simulink,928,2840
1587,Simulink,455,1687
1588,Simulink,482,1469
1589,Ada,833,2822
1590,Simulink,1012,2936
1591,Simulink,317,1243
1592,C#,756,2242
1593,Ada,755,2706
1594,Ada,999,3949
1595,Ada,732,2735
1596,C#,456,1426
1597,Ada,516,2113
1598,C#,950,2916
1599,Simulink,732,2027
1600,C#,535,1719
1601,Simulink,620,2171
1602,C#,1057,3159
1603,C#,815,2385
1604,Simulink,503,1950
1605,Ada,527,2106
1606,Simulink,856,2822
1607,Simulink,455,1292
1608,Ada,487,1720
1609,Simulink,851,2747
1610,Simulink,829,2903
1611,C#,614,1821
1612,C#,1080,2986
1613,C#,335,1104
1614,Simulink,966,2707
1615,C#,460,1355
1616,C#,845,2036
1617,Ada,804,2968
1618,C#,888,2517
1619,Simulink,720,2197
1620,Simulink,939,2481
1621,Simulink,685,2244
1622,C#,1100,3485
1623,C#,394,976
1624,C#,829,2072
1625,Simulink,978,2762
1626,Simulink,377,1396
1627,Simulink,761,2693
1628,C#,1061,3044
1629,C#,683,2133
1630,Simulink,603,1871
1631,Simulink,441,1387
1632,Ada,730,2573
1633,Ada,399,1277
1634,Simulink,471,1730
1635,Simulink,1061,3250
1636,C#,729,1964
1637,C#,1080,3456
1638,Ada,1007,3538
1639,C#,922,2958
1640,C#,824,2574
1641,Ada,643,1743
1642,C#,721,1772
1643,C#,710,2101
1644,Ada,1019,3791
1645,C#,482,1565
1646,Simulink,1064,3484
1647,C#,514,1513
1648,C#,1032,2827
1649,Ada,665,2209
1650,Ada,594,2216
1651,Ada,338,1454
1652,Ada,1004,3564
1653,Simulink,935,3006
1654,Simulink,744,2545
1655,Ada,513,1938
1656,C#,441,1650
1657,Simulink,837,2782
1658,Simulink,941,2829
1659,Ada,908,3346
1660,Ada,473,1961
1661,Ada,784,2660
1662,C#,605,1544
1663,Ada,793,2504
1664,C#,519,1477
1665,Ada,908,3243
1666,C#,927,2588
1667,Ada,631,2258
1668,Simulink,716,2219
1669,C#,499,1259
1670,Simulink,915,3045
1671,Ada,353,1079
1672,C#,979,3156
1673,Ada,339,1401
1674,Ada,352,1273
1675,C#,412,1315
1676,Simulink,729,2690
1677,Ada,523,1563
1678,C#,427,1281
1679,C#,861,2177
1680,Ada,842,3348
1681,Ada,698,2684
1682,C#,1056,3042
1683,Simulink,794,2302
1684,Simulink,447,1588
1685,Simulink,528,1875
1686,C#,980,2640
1687,Ada,421,1528
1688,C#,578,1769
1689,C#,421,980
1690,C#,1012,2397
1691,Simulink,461,1606
1692,Ada,692,2597
1693,C#,835,2273
1694,C#,574,1834
1695,Ada,396,1659
1696,Ada,986,3346
1697,Simulink,415,1068
1698,Simulink,314,856
1699,C#,843,1879
1700,Ada,999,2992
1701,Ada,389,1333
1702,Ada,1009,3139
1703,Simulink,740,2371
1704,Simulink,780,2720
1705,Ada,836,2523
1706,C#,865,2618
1707,Simulink,684,2385
1708,Simulink,728,2129
1709,C#,984,2846
1710,Simulink,903,3217
1711,Ada,379,1025
1712,Simulink,586,1723
1713,Ada,1076,3339
1714,Ada,499,1625
1715,Ada,590,1998
1716,Ada,812,2962
1717,Ada,1040,3290
1718,C#,430,1000
1719,Simulink,1057,3110
1720,C#,1057,2778
1721,C#,480,1112
1722,Ada,770,2472
1723,Ada,657,1857
1724,C#,528,1314
1725,Ada,805,2249
1726,Simulink,594,2021
1727,Ada,1000,3331
1728,Simulink,482,1625
1729,Ada,374,1518
1730,Ada,950,3461
1731,Ada,526,1563
1732,Ada,1055,3561
1733,Ada,921,2930
1734,C#,682,2109
1735,Ada,1066,3767
1736,Ada,951,2861
1737,C#,485,1149
1738,C#,588,1806
1739,Ada,827,2605
1740,Ada,984,3594
1741,Simulink,820,2791
1742,Simulink,472,1304
1743,C#,634,1711
1744,Simulink,946,3358
1745,Ada,401,1211
1746,C#,400,1333
1747,Ada,912,3226
1748,C#,319,1042
1749,Ada,423,1304
1750,Ada,1011,3624
1751,C#,927,2394
1752,Ada,630,1863
1753,C#,938,2609
1754,C#,610,1785
1755,Simulink,1015,3107
1756,C#,1015,2887
1757,Simulink,419,1367
1758,Simulink,783,2621
1759,C#,523,1735
1760,Ada,508,1733
1761,Simulink,759,2718
1762,C#,906,2764
1763,Simulink,492,1659
1764,Simulink,465,1566
1765,C#,367,968
1766,C#,872,2454
1767,C#,468,1662
1768,C#,877,2652
1769,Ada,367,1030
1770,C#,383,1072
1771,Ada,522,1555
1772,Simulink,848,2960
1773,C#,848,2034
1774,C#,871,2221
1775,Ada,798,2712
1776,C#,1077,3280
1777,C#,708,1722
1778,Ada,840,2873
1779,C#,377,960
1780,C#,423,1009
1781,Ada,735,2887
1782,Simulink,316,1060
1783,C#,932,2802
1784,C#,1080,2792
1785,C#,569,1547
1786,Simulink,1000,3410
1787,Simulink,587,1440
1788,Simulink,673,1833
1789,Ada,423,1420
1790,Simulink,560,2038
1791,Simulink,558,1747
1792,Simulink,964,2778
1793,C#,1050,2888
1794,C#,871,2434
1795,C#,324,886
1796,Simulink,1049,2846
1797,Simulink,321,1091
1798,Simulink,1030,3037
1799,Simulink,421,1521
1800,Ada,478,1764
1801,Ada,665,2458
1802,Simulink,693,2280
1803,Simulink,538,1360
1804,Ada,894,3168
1805,Simulink,527,1723
1806,Ada,745,2764
1807,Ada,1095,4007
1808,C#,943,2542
1809,Ada,721,2189
1810,C#,944,2770
1811,Simulink,504,1491
1812,Simulink,953,3142
1813,C#,1006,2644
1814,Ada,333,1005
1815,Ada,832,3027
1816,Simulink,546,1589
1817,Ada,1096,3767
1818,Ada,318,1233
1819,C#,997,2880
1820,C#,795,2358
1821,Ada,807,2670
1822,C#,587,1507
1823,Ada,911,3160
1824,Ada,394,1238
1825,Simulink,886,2718
1826,C#,1094,2906
1827,Ada,647,2503
1828,Simulink,862,2828
1829,C#,939,3051
1830,Simulink,892,2759
1831,Ada,554,2176
1832,Simulink,1013,3283
1833,Ada,553,2074
1834,Simulink,757,2009
1835,Simulink,656,2337
1836,Ada,805,3083
1837,C#,584,1508
1838,C#,837,2240
1839,Simulink,1080,2947
1840,C#,534,1202
1841,C#,462,1207
1842,Simulink,437,1262
1843,C#,830,1903
1844,Ada,507,1567
1845,C#,310,971
1846,Simulink,309,1173
1847,C#,699,1671
1848,Ada,395,1590
1849,C#,852,2574
1850,C#,712,1803
1851,Simulink,714,2258
1852,C#,1069,3140
1853,C#,1021,2377
1854,Simulink,784,2330
1855,C#,786,1731
1856,Simulink,453,1181
1857,Ada,928,3047
1858,C#,564,1467
1859,Simulink,535,1838
1860,Simulink,984,3118
1861,Ada,577,1924
1862,Simulink,636,1672
1863,C#,493,1507
1864,Simulink,334,1387
1865,Ada,1082,3596
1866,C#,535,1779
1867,Ada,557,1912
1868,Simulink,543,1671
1869,C#,990,2741
1870,Simulink,761,2354
1871,Ada,616,2366
1872,Ada,717,2542
1873,C#,444,1225
1874,C#,528,1350
1875,Simulink,413,1367
1876,Simulink,573,1522
1877,Ada,823,3125
1878,Simulink,1080,3674
1879,Ada,1007,3202
1880,Ada,302,1017
1881,C#,443,1092
1882,C#,438,1327
1883,C#,465,1258
1884,C#,553,1604
1885,Ada,1076,3933
1886,C#,502,1667
1887,C#,536,1254
1888,C#,646,1650
1889,Ada,995,3107
1890,Simulink,936,2787
1891,Ada,462,1542
1892,Ada,429,1635
1893,Simulink,978,2818
1894,C#,921,2354
1895,Simulink,942,2774
1896,Ada,545,2157
1897,Simulink,615,2012
1898,Ada,772,2573
1899,C#,743,2111
1900,Ada,415,1455
1901,C#,357,1005
1902,C#,592,1989
1903,Ada,341,1304
1904,C#,971,2875
1905,C#,975,2999
1906,Ada,853,3056
1907,Ada,881,2836
1908,Ada,894,3046
1909,C#,564,1881
1910,C#,575,1978
1911,Ada,721,2608
1912,Simulink,896,2772
1913,Ada,505,2102
1914,Simulink,626,1834
1915,Simulink,511,1852
1916,Simulink,1034,3600
1917,C#,452,1343
1918,Ada,823,2967
1919,Ada,873,2471
1920,Ada,905,3078
1921,Ada,1078,3939
1922,C#,614,1942
1923,Simulink,617,2267
1924,C#,618,2067
1925,Ada,877,3060
1926,C#,640,1463
1927,Ada,691,2596
1928,Simulink,408,1240
1929,Ada,493,1704
1930,Simulink,986,2839
1931,Ada,520,1854
1932,Ada,1048,3459
1933,C#,363,1123
1934,Simulink,573,2040
1935,C#,419,1560
1936,Ada,548,1995
1937,Ada,328,1030
1938,C#,717,2202
1939,C#,717,2146
1940,Ada,944,3278
1941,Ada,406,1618
1942,C#,923,2654
1943,Ada,667,2108
1944,Simulink,1013,3154
1945,Simulink,524,1904
1946,Ada,1001,3628
1947,Ada,746,2368
1948,C#,594,1951
1949,Ada,323,1326
1950,Ada,563,2288
1951,Ada,1049,3743
1952,Ada,644,2498
1953,Simulink,741,2564
1954,C#,368,761
1955,Ada,574,2184
1956,C#,302,1179
1957,Simulink,1039,3119
1958,C#,501,1444
1959,Simulink,788,2544
1960,C#,652,1780
1961,Ada,1018,3623
1962,Simulink,1053,3253
1963,Simulink,660,2109
1964,Simulink,970,3448
1965,Ada,640,2398
1966,C#,617,1649
1967,Simulink,733,2073
1968,Simulink,607,2023
1969,C#,950,2674
1970,Ada,632,2243
1971,Ada,504,1780
1972,Ada,861,2831
1973,Simulink,1013,2840
1974,Ada,631,2161
1975,Simulink,403,1423
1976,Simulink,1076,2914
1977,Ada,938,2930
1978,Ada,581,1828
1979,C#,984,3264
1980,Ada,596,1914
1981,Ada,703,2106
1982,C#,840,2165
1983,Ada,376,1559
1984,Simulink,667,2104
1985,Ada,725,2556
1986,Simulink,343,1020
1987,Ada,700,2441
1988,Ada,309,896
1989,Ada,848,2868
1990,Simulink,416,1465
1991,C#,719,1975
1992,C#,332,1075
1993,Ada,959,3113
1994,Simulink,333,1118
1995,Simulink,844,2646
1996,C#,1067,3132
1997,C#,692,2172
1998,Simulink,545,2177
1999,Ada,906,3142
2000,Ada,589,2404
2001,C#,471,1045
2002,Ada,715,2318
2003,C#,1069,2725
2004,Simulink,1062,3019
2005,Ada,1052,3760
2006,Simulink,914,2839
2007,Ada,857,2961
2008,Ada,1059,3867
2009,Simulink,693,2046
2010,C#,310,997
2011,Ada,645,2300
2012,Ada,301,1323
2013,Ada,723,2536
2014,Ada,370,1318
2015,C#,376,1163
2016,Simulink,746,2697
2017,Ada,470,1757
2018,C#,798,2070
2019,Ada,1089,3394
2020,C#,478,1396
2021,Ada,578,2101
2022,Simulink,667,1747
2023,Ada,834,2768
2024,C#,541,1569
2025,Ada,322,1323
2026,Ada,1054,3529
2027,Ada,455,1889
2028,C#,532,1287
2029,C#,434,1147
2030,Simulink,604,1688
2031,C#,426,1474
2032,Ada,542,1743
2033,Ada,480,2100
2034,C#,964,2579
2035,Simulink,552,1647
2036,Simulink,773,2774
2037,Simulink,352,958
2038,C#,951,2619
2039,Simulink,878,2752
2040,C#,901,2830
2041,C#,915,2364
2042,Simulink,573,1675
2043,C#,787,1891
2044,Simulink,488,1713
2045,C#,1006,3081
2046,Ada,918,2834
2047,C#,675,1592
2048,Ada,551,1622
2049,Ada,786,2728
2050,Simulink,976,3009
2051,Ada,896,3081
2052,Ada,469,1778
2053,C#,973,2821
2054,Ada,579,1896
2055,C#,698,1803
2056,C#,1086,2905
2057,C#,987,2652
2058,Ada,926,3085
2059,Simulink,447,1474
2060,Simulink,747,2130
2061,Ada,987,3240
2062,Simulink,519,1620
2063,Simulink,539,1595
2064,Simulink,726,2294
2065,C#,849,2318
2066,C#,1041,3045
2067,Ada,1024,3803
2068,Simulink,744,2247
2069,C#,650,1853
2070,C#,1052,2897
2071,Ada,918,3478
2072,Simulink,777,2812
2073,C#,501,1388
2074,Ada,1021,3461
2075,C#,720,2144
2076,Simulink,451,1463
2077,Simulink,503,1229
2078,C#,871,2628
2079,C#,451,1101
2080,Simulink,473,1547
2081,C#,369,897
2082,Ada,944,3207
2083,C#,699,1892
2084,C#,475,1371
2085,Ada,773,2632
2086,Simulink,1073,2930
2087,C#,882,2071
2088,Simulink,431,1463
2089,Ada,306,1377
2090,Ada,610,2437
2091,Simulink,739,2678
2092,C#,1088,3215
2093,Ada,924,2761
2094,Simulink,594,2183
2095,C#,377,1075
2096,Simulink,789,2147
2097,Simulink,946,2848
2098,Ada,329,1338
2099,C#,892,2251
2100,C#,722,1869
2101,Simulink,897,2365
2102,C#,718,2015
2103,C#,985,2786
2104,Ada,616,2264
2105,Simulink,1073,3471
2106,C#,1041,2721
2107,C#,538,1283
2108,Ada,417,1625
2109,Ada,645,2359
2110,Ada,790,2859
2111,Simulink,737,2245
2112,C#,574,2015
2113,Ada,718,2261
2114,C#,465,1417
2115,Simulink,1042,3164
2116,Ada,765,2813
2117,Ada,961,2949
2118,Ada,648,2330
2119,C#,1041,3241
2120,Ada,759,2730
2121,Simulink,768,2407
2122,C#,662,1838
2123,Ada,718,2160
2124,C#,718,2015
2125,Ada,624,2116
2126,Simulink,434,1217
2127,Ada,660,1872
2128,C#,583,1956
2129,Ada,854,2651
2130,Ada,683,2130
2131,Ada,717,2448
2132,Ada,555,1504
2133,Ada,739,2386
2134,C#,803,1978
2135,Ada,513,1999
2136,Simulink,758,2415
2137,Ada,652,2100
2138,Ada,811,2859
2139,Ada,690,2118
2140,C#,555,1601
2141,Ada,813,3247
2142,C#,1018,2857
2143,Ada,897,2831
2144,Ada,895,3307
2145,C#,585,1627
2146,Simulink,898,2635
2147,C#,1042,3093
2148,Ada,530,2195
2149,C#,1038,2850
2150,C#,514,1487
2151,Ada,515,1611
2152,Ada,512,1939
2153,Ada,744,2416
2154,Simulink,364,982
2155,Ada,709,2506
2156,Ada,971,3374
2157,Ada,429,1523
2158,Simulink,319,1136
2159,Simulink,918,2927
2160,Ada,338,1335
2161,Simulink,969,3003
2162,Simulink,394,1362
2163,C#,452,1613
2164,Ada,757,2313
2165,Simulink,683,1781
2166,Ada,790,2827
2167,Ada,896,3043
2168,Ada,764,2802
2169,Simulink,304,903
2170,Simulink,940,2759
2171,Simulink,492,1412
2172,Simulink,859,2633
2173,Ada,542,2056
2174,Ada,753,2294
2175,Ada,457,1666
2176,Simulink,599,1848
2177,Ada,771,3069
2178,Ada,865,2885
2179,Simulink,867,2575
2180,Ada,700,2165
2181,C#,558,1524
2182,C#,881,2015
2183,Simulink,940,3153
2184,C#,517,1851
2185,C#,1017,2682
2186,Ada,535,1761
2187,C#,598,2128
2188,Simulink,853,2671
2189,Ada,366,1290
2190,Simulink,440,1585
2191,C#,416,1356
2192,Simulink,913,3239
2193,Ada,690,2756
2194,Ada,701,2582
2195,Ada,1071,3925
2196,Ada,888,2941
2197,Simulink,1022,3404
2198,Ada,350,1019
2199,C#,652,1631
2200,Ada,1098,3606
2201,C#,610,1590
2202,Simulink,869,2990
2203,C#,764,2259
2204,Ada,866,3242
2205,Simulink,498,1721
2206,Ada,403,1441
2207,Simulink,788,2658
2208,Ada,1075,3770
2209,Simulink,692,1942
2210,C#,454,1312
2211,Ada,348,963
2212,Ada,574,2099
2213,Ada,676,1941
2214,C#,1025,3137
2215,C#,600,1374
2216,Simulink,982,2805
2217,Simulink,1026,3562
2218,Ada,683,2408
2219,C#,361,1082
2220,Simulink,659,1794
2221,Ada,392,1614
2222,Ada,952,3451
2223,C#,650,1859
2224,Simulink,1015,3110
2225,Ada,504,1834
2226,Ada,549,1980
2227,Simulink,890,2646
2228,Ada,731,2290
2229,Ada,757,2433
2230,Ada,429,1539
2231,Simulink,834,2587
2232,C#,537,1498
2233,Simulink,553,2183
2234,C#,669,1778
2235,Simulink,713,2287
2236,Ada,787,2796
2237,C#,629,1895
2238,Simulink,987,3244
2239,C#,571,1763
2240,C#,728,2282
2241,Simulink,625,2245
2242,C#,479,1718
2243,Ada,778,2320
2244,Ada,1038,3437
2245,C#,344,1096
2246,C#,958,2563
2247,Simulink,459,1231
2248,Ada,1051,3474
2249,C#,676,1784
2250,Simulink,674,2080
2251,Simulink,1096,3355
2252,Ada,786,2565
2253,Simulink,562,1836
2254,Ada,765,2708
2255,C#,531,1687
2256,Simulink,359,1010
2257,C#,317,928
2258,C#,970,2476
2259,Simulink,1030,3360
2260,C#,691,1961
2261,C#,365,1346
2262,Ada,974,3716
2263,Ada,1057,3606
2264,C#,959,2402
2265,Ada,774,3088
2266,Simulink,919,3005
2267,C#,652,1982
2268,Ada,939,3294
2269,Simulink,693,2193
2270,C#,489,1287
2271,Ada,787,2515
2272,Ada,554,2190
2273,Ada,517,1595
2274,Simulink,988,2802
2275,Ada,637,2238
2276,C#,452,1057
2277,Simulink,462,1287
2278,Simulink,824,2766
2279,C#,324,1138
2280,C#,551,1553
2281,Ada,723,2464
2282,C#,867,2381
2283,C#,684,1995
2284,Simulink,708,2361
2285,C#,328,1105
2286,Ada,711,2406
2287,Ada,535,1898
2288,C#,908,2886
2289,Simulink,1029,3049
2290,Simulink,361,1041
2291,C#,610,1958
2292,Ada,677,2603
2293,Ada,508,1821
2294,Simulink,858,2543
2295,Ada,625,2195
2296,C#,1095,3146
2297,Ada,977,3414
2298,Ada,771,2632
2299,Simulink,381,1330
2300,C#,423,1036
2301,Ada,738,2487
2302,C#,874,2281
2303,Simulink,332,1350
2304,Ada,484,1437
2305,Simulink,563,1795
2306,Simulink,809,2790
2307,Ada,338,1228
2308,Simulink,914,2961
2309,Simulink,458,1370
2310,Simulink,648,1951
2311,Ada,453,1787
2312,Simulink,310,1059
2313,Simulink,953,2704
2314,Simulink,1028,2841
2315,Ada,482,1677
2316,Ada,567,2259
2317,C#,429,1208
2318,Simulink,780,2368
2319,Simulink,975,2757
2320,Ada,1048,3246
2321,Simulink,579,1937
2322,Ada,842,2948
2323,Simulink,324,1047
2324,Ada,560,1877
2325,Ada,602,2273
2326,Simulink,575,1889
2327,C#,347,754
2328,Ada,670,2113
2329,C#,724,2153
2330,C#,474,1105
2331,C#,936,2193
2332,Simulink,1044,3533
2333,Simulink,878,3039
2334,Ada,814,2502
2335,C#,331,876
2336,Ada,727,2616
2337,Simulink,687,2012
2338,Ada,844,2756
2339,Ada,646,2006
2340,C#,1051,2948
2341,Simulink,992,3136
2342,C#,695,1892
2343,Simulink,353,1052
2344,Simulink,974,3027
2345,C#,1042,2688
2346,C#,974,2691
2347,C#,1008,2929
2348,Simulink,602,1795
2349,C#,409,1082
2350,Ada,326,1176
2351,Simulink,882,3054
2352,Simulink,383,1091
2353,C#,485,1585
2354,C#,756,2445
2355,C#,342,1277
2356,C#,698,2017
2357,C#,1000,2833
2358,Ada,881,2893
2359,C#,625,1825
2360,C#,1035,2657
2361,C#,449,1459
2362,Ada,416,1749
2363,Simulink,767,2417
2364,C#,948,2678
2365,Ada,342,1066
2366,C#,684,1981
2367,Ada,931,2897
2368,C#,986,2614
2369,Ada,969,3324
2370,Simulink,465,1585
2371,Ada,704,2396
2372,C#,769,2112
2373,C#,933,2775
2374,Simulink,1019,2853
2375,C#,1029,2637
2376,C#,634,1463
2377,C#,828,2231
2378,Ada,781,2443
2379,Simulink,423,1531
2380,Simulink,1041,3045
2381,Simulink,452,1140
2382,C#,590,1621
2383,C#,492,1354
2384,Simulink,660,2255
2385,C#,361,897
2386,Ada,715,2296
2387,Ada,963,3346
2388,Ada,718,2579
2389,Ada,656,2242
2390,Ada,552,1583
2391,Simulink,392,1287
2392,C#,371,981
2393,C#,491,1301
2394,Ada,863,2652
2395,Ada,383,1237
2396,Ada,537,2019
2397,C#,402,1473
2398,Simulink,533,1646
2399,C#,868,2332
2400,Ada,847,2820
2401,Simulink,1083,3032
2402,C#,703,1580
2403,Simulink,664,1968
2404,Simulink,945,2859
2405,Simulink,723,2236
2406,C#,694,2170
2407,C#,346,867
2408,Ada,815,3262
2409,Simulink,751,1924
2410,Ada,474,1800
2411,C#,960,2981
2412,Ada,481,1592
2413,Simulink,739,2622
2414,Simulink,346,1402
2415,Simulink,695,2119
2416,C#,997,2889
2417,Simulink,447,1302
2418,Simulink,885,2749
2419,Ada,896,3118
2420,C#,371,973
2421,Simulink,341,1491
2422,Ada,790,3068
2423,C#,742,1978
2424,C#,533,1237
2425,C#,880,2017
2426,C#,853,2872
2427,C#,528,1783
2428,Ada,359,1188
2429,C#,838,2292
2430,Simulink,562,1663
2431,Simulink,307,999
2432,C#,619,2021
2433,C#,639,2124
2434,Simulink,665,2170
2435,Simulink,766,2197
2436,Simulink,842,2580
2437,Simulink,425,1129
2438,C#,387,1057
2439,Simulink,999,3025
2440,Simulink,664,1724
2441,Simulink,729,2624
2442,C#,343,1036
2443,C#,489,1344
2444,Ada,664,2470
2445,Ada,446,1734
2446,Ada,524,1831
2447,Simulink,860,2652
2448,C#,871,2243
2449,Simulink,622,1760
2450,Ada,630,1836
2451,C#,341,901
2452,C#,544,1593
2453,Simulink,818,2676
2454,C#,677,1896
2455,Ada,980,2984
2456,C#,784,2082
2457,Simulink,821,2832
2458,Simulink,528,1665
2459,Ada,887,3288
2460,Simulink,623,1935
2461,Simulink,983,3250
2462,C#,738,1783
2463,Simulink,621,2069
2464,C#,779,2296
2465,Simulink,400,1091
2466,Simulink,513,1991
2467,Ada,1044,3802
2468,Ada,310,1300
2469,Simulink,626,1790
2470,Simulink,424,1373
2471,Ada,411,1430
2472,C#,303,708
2473,Simulink,591,1543
2474,C#,958,2550
2475,C#,697,1894
2476,Ada,897,2729
2477,C#,924,2321
2478,Simulink,731,2098
2479,Ada,364,1430
2480,Simulink,1031,3237
2481,C#,699,2224
2482,Simulink,595,2108
2483,Simulink,1051,2910
2484,Ada,644,2673
2485,Ada,632,2179
2486,C#,567,1469
2487,Ada,465,1611
2488,Simulink,903,2270
2489,C#,932,3051
2490,Ada,937,3478
2491,Simulink,1045,3077
2492,Simulink,603,1551
2493,C#,660,2022
2494,Simulink,908,2916
2495,C#,1049,3215
2496,Simulink,1000,3089
2497,Simulink,907,2905
2498,Ada,599,1887
2499,Ada,680,1921
2500,Ada,325,1078
2501,Simulink,489,1364
2502,Ada,524,1391
2503,Ada,555,1556
2504,C#,1061,3137
2505,Simulink,483,1514
2506,Simulink,315,707
2507,C#,879,2135
2508,Simulink,541,1608
2509,C#,515,1324
2510,Simulink,665,1935
2511,C#,1046,3183
2512,C#,716,2031
2513,C#,652,1692
2514,Ada,1026,3087
2515,Simulink,790,2449
2516,Simulink,630,2000
2517,Simulink,673,2029
2518,C#,307,1158
2519,Ada,861,2992
2520,Ada,885,2993
2521,C#,480,1623
2522,C#,503,1187
2523,C#,937,2562
2524,Ada,973,3378
2525,C#,1049,3511
2526,Ada,700,2523
2527,Ada,791,2572
2528,Ada,1066,3589
2529,Simulink,538,1416
2530,Simulink,819,2543
2531,Ada,596,2119
2532,Ada,882,2996
2533,Simulink,1026,2895
2534,Ada,921,3112
2535,Ada,504,1978
2536,Simulink,811,2675
2537,Ada,845,2881
2538,Ada,719,2415
2539,Simulink,557,1844
2540,Simulink,991,3259
2541,Ada,846,2787
2542,C#,923,2756
2543,Simulink,413,1015
2544,Simulink,768,2517
2545,Ada,912,3665
2546,Simulink,821,2813
2547,Simulink,520,1720
2548,Simulink,427,1460
2549,Ada,578,2197
2550,C#,538,1672
2551,Simulink,456,1388
2552,Simulink,1048,3104
2553,C#,433,1488
2554,Simulink,707,2462
2555,Ada,312,1086
2556,C#,360,1404
2557,Simulink,1096,3437
2558,C#,732,2175
2559,Simulink,1080,3428
2560,Simulink,482,1470
2561,Simulink,1028,3579
2562,Simulink,789,2461
2563,C#,493,1370
2564,Simulink,570,1653
2565,C#,572,1655
2566,Ada,665,2221
2567,C#,810,2128
2568,Simulink,330,841
2569,C#,337,1363
2570,Ada,988,3232
2571,Simulink,620,2070
2572,Ada,379,1226
2573,Simulink,442,1367
2574,Ada,897,2869
2575,Simulink,644,1945
2576,Simulink,1057,3142
2577,Ada,931,3113
2578,C#,301,551
2579,C#,996,2581
2580,Ada,726,2645
2581,C#,638,1845
2582,Ada,809,2572
2583,Ada,565,2205
2584,Ada,553,2106
2585,Simulink,422,1718
2586,Ada,300,1198
2587,Ada,686,1993
2588,C#,947,2429
2589,C#,437,1311
2590,C#,529,1568
2591,C#,820,2240
2592,Ada,533,2217
2593,Simulink,726,2301
2594,Simulink,628,2029
2595,Simulink,364,1164
2596,Simulink,854,2520
2597,Ada,386,1257
2598,Ada,911,3266
2599,Simulink,377,1504
2600,C#,965,2656
2601,Simulink,489,1580
2602,Ada,761,2581
2603,Ada,1035,3679
2604,Ada,1075,3967
2605,Ada,502,1956
2606,C#,571,1615
2607,C#,566,1484
2608,Simulink,535,1592
2609,C#,836,2375
2610,Ada,1055,3818
2611,Ada,697,2233
2612,C#,728,1784
2613,Ada,933,3452
2614,Ada,656,2598
2615,Simulink,519,1319
2616,C#,812,2800
2617,Simulink,994,2741
2618,Ada,994,2875
2619,Ada,783,3059
2620,C#,959,2733
2621,Simulink,933,3021
2622,Ada,769,2813
2623,C#,428,1405
2624,Ada,781,2483
2625,Simulink,501,1593
2626,Simulink,529,1689
2627,Ada,475,1889
2628,Simulink,1062,3343
2629,Simulink,914,2711
2630,Simulink,706,2137
2631,C#,390,1300
2632,Simulink,591,1917
2633,Ada,811,2447
2634,Simulink,571,1491
2635,C#,621,1785
2636,Simulink,678,2171
2637,C#,547,1631
2638,Ada,510,1790
2639,Ada,786,2609
2640,C#,823,2389
2641,Ada,759,2586
2642,Ada,572,1801
2643,Simulink,766,2678
2644,Simulink,620,1546
2645,Ada,525,1834
2646,Simulink,641,2132
2647,Ada,610,2593
2648,C#,373,1287
2649,C#,339,1390
2650,Simulink,584,1770
2651,Simulink,1092,3563
2652,C#,907,2412
2653,C#,587,1999
2654,Ada,581,1950
2655,C#,583,1632
2656,Simulink,743,2689
2657,Ada,931,2971
2658,Simulink,1002,3044
2659,Ada,602,2416
2660,Ada,687,2354
2661,C#,1061,2926
2662,Simulink,483,1655
2663,Simulink,387,920
2664,Simulink,621,2395
2665,C#,322,796
2666,Ada,411,1686
2667,Simulink,690,2499
2668,Ada,806,2298
2669,Simulink,548,1932
2670,Ada,921,3219
2671,C#,380,1111
2672,C#,843,2061
2673,C#,995,3134
2674,Simulink,873,2579
2675,Ada,580,2339
2676,Simulink,1098,3489
2677,C#,671,2012
2678,Simulink,1065,3787
2679,Ada,302,1049
2680,Simulink,414,1553
2681,Simulink,762,2322
2682,C#,393,1254
2683,Ada,1065,3400
2684,Ada,1021,3282
2685,Ada,846,3011
2686,C#,469,1549
2687,C#,554,1625
2688,Ada,1042,3658
2689,C#,1099,3509
2690,C#,1012,2909
2691,Ada,562,1925
2692,Simulink,507,1540
2693,Ada,420,1382
2694,Ada,580,2183
2695,C#,650,1861
2696,C#,985,2896
2697,C#,447,1242
2698,C#,346,1064
2699,Ada,647,1961
2700,C#,393,1271
2701,Simulink,704,1782
2702,C#,732,1796
2703,Ada,959,3123
2704,Simulink,887,2411
2705,Simulink,697,2208
2706,Ada,954,3323
2707,Simulink,856,2257
2708,Ada,524,2053
2709,C#,464,1028
2710,C#,304,800
2711,Simulink,929,2908
2712,Ada,725,2473
2713,Ada,937,3098
2714,Simulink,812,2479
2715,Simulink,633,2009
2716,Ada,620,2049
2717,Simulink,945,2646
2718,Simulink,1087,3426
2719,Ada,752,2755
2720,Simulink,766,2427
2721,Ada,416,1439
2722,C#,495,1277
2723,C#,1088,3171
2724,C#,985,2813
2725,Ada,409,1556
2726,Ada,911,2742
2727,Simulink,442,1321
2728,C#,832,2595
2729,Simulink,550,1813
2730,Ada,1098,3830
2731,C#,882,2204
2732,C#,641,1641
2733,C#,641,2127
2734,Simulink,876,2518
2735,C#,468,1424
2736,C#,952,2534
2737,Simulink,1016,3232
2738,Simulink,844,2520
2739,Ada,311,1242
2740,C#,903,3042
2741,Ada,423,1727
2742,C#,679,1986
2743,Simulink,522,1673
2744,C#,693,1936
2745,Ada,1072,3770
2746,C#,609,1993
2747,Simulink,1016,3104
2748,Simulink,465,1374
2749,C#,599,1596
2750,C#,1088,2914
2751,Ada,812,2570
2752,C#,1066,3354
2753,C#,426,1542
2754,C#,426,1439
2755,Simulink,737,2070
2756,Simulink,1002,3096
2757,Ada,348,1133
2758,Simulink,731,2281
2759,Ada,370,1293
2760,Simulink,550,1917
2761,Simulink,1018,3226
2762,Ada,1095,4055
2763,Ada,661,2216
2764,Simulink,774,2255
2765,Simulink,1032,3019
2766,Simulink,633,1984
2767,C#,766,2015
2768,C#,998,2551
2769,Ada,728,2566
2770,Ada,537,1925
2771,Simulink,884,2798
2772,C#,766,2297
2773,Simulink,610,1591
2774,C#,742,2243
2775,Simulink,962,2589
2776,Simulink,910,2696
2777,Ada,1029,4012
2778,Ada,821,3211
2779,Ada,516,1792
2780,C#,487,1699
2781,C#,809,2439
2782,C#,738,2291
2783,C#,640,1751
2784,C#,482,1462
2785,C#,620,1741
2786,C#,894,2721
2787,Simulink,760,2172
2788,C#,757,2461
2789,Simulink,691,2370
2790,C#,829,2510
2791,Simulink,474,1304
2792,Ada,1099,3427
2793,Simulink,698,1898
2794,Simulink,476,1692
2795,Simulink,1100,3249
2796,C#,875,2533
2797,C#,833,1898
2798,Ada,930,3172
2799,C#,630,1966
2800,Simulink,422,1249
2801,Simulink,540,1526
2802,Simulink,405,1210
2803,Simulink,837,2357
2804,Ada,537,2002
2805,C#,685,2144
2806,Ada,710,2706
2807,Ada,820,2710
2808,Simulink,632,1931
2809,C#,487,1112
2810,Simulink,449,1485
2811,Ada,597,1980
2812,Simulink,1067,3080
2813,Simulink,852,2933
2814,Simulink,606,2132
2815,Simulink,458,1744
2816,Ada,865,2864
2817,Ada,706,2431
2818,Ada,1022,3240
2819,C#,788,2532
2820,Simulink,1000,3415
2821,Ada,434,1684
2822,Simulink,315,708
2823,Ada,430,1483
2824,C#,979,2918
2825,C#,1053,2655
2826,C#,885,2453
2827,C#,432,1337
2828,Simulink,782,2798
2829,Simulink,890,2743
2830,C#,828,2246
2831,Ada,668,2183
2832,Ada,440,1749
2833,C#,856,2167
2834,C#,670,1960
2835,Ada,318,1060
2836,C#,429,1141
2837,Ada,434,1462
2838,Ada,607,2411
2839,Ada,606,1929
2840,Simulink,455,1445
2841,C#,610,1439
2842,Simulink,632,1985
2843,Simulink,474,1560
2844,C#,546,1449
2845,C#,526,1742
2846,C#,455,1219
2847,Simulink,860,2772
2848,Simulink,474,1558
2849,C#,1035,2504
2850,Ada,538,1580
2851,Simulink,1044,3035
2852,Simulink,401,1219
2853,Simulink,1077,3302
2854,C#,636,2213
2855,Ada,893,2916
2856,C#,646,2229
2857,C#,743,1996
2858,Simulink,768,2212
2859,C#,793,2429
2860,C#,398,1360
2861,Simulink,679,2314
2862,C#,383,1012
2863,Ada,1064,3616
2864,Simulink,1055,2838
2865,Simulink,952,3237
2866,Simulink,603,2093
2867,C#,783,2337
2868,Simulink,1062,3397
2869,C#,619,1953
2870,C#,707,2341
2871,C#,642,1990
2872,Ada,773,2611
2873,Simulink,548,1878
2874,Ada,791,2565
2875,Ada,1010,3130
2876,Ada,465,1585
2877,Ada,1087,3655
2878,C#,966,2591
2879,C#,901,2383
2880,Ada,425,1292
2881,Ada,664,2188
2882,Ada,395,1420
2883,Simulink,535,1839
2884,C#,535,1398
2885,C#,527,1507
2886,Simulink,304,930
2887,Ada,1001,3497
2888,Ada,728,2980
2889,Simulink,817,2794
2890,C#,312,816
2891,C#,895,2314
2892,Ada,589,1953
2893,Ada,514,1810
2894,Simulink,506,1279
2895,Ada,1042,3460
2896,Ada,841,3067
2897,C#,473,1460
2898,C#,325,1025
2899,C#,826,2493
2900,C#,927,2892
2901,C#,308,791
2902,Ada,854,3166
2903,C#,983,2857
2904,Ada,853,2660
2905,Ada,511,2007
2906,C#,388,1164
2907,C#,1030,2812
2908,Simulink,561,1498
2909,Simulink,775,2406
2910,C#,341,776
2911,C#,466,1225
2912,C#,771,2417
2913,C#,575,1440
2914,C#,354,1059
2915,Ada,328,1261
2916,Ada,674,2592
2917,Simulink,933,2679
2918,Ada,1035,3473
2919,Simulink,358,1205
2920,Simulink,371,1590
2921,Simulink,356,1413
2922,Simulink,966,3005
2923,C#,942,2808
2924,Simulink,1063,3800
2925,Simulink,390,1016
2926,Ada,724,2746
2927,C#,474,1362
2928,C#,767,2039
2929,Simulink,543,1725
2930,Ada,655,2098
2931,Simulink,535,1739
2932,C#,759,1813
2933,Ada,333,1498
2934,Simulink,959,2987
2935,C#,1016,2659
2936,Ada,346,1419
2937,C#,587,1580
2938,Ada,1088,3164
2939,C#,362,979
2940,Ada,1027,3495
2941,Simulink,433,1397
2942,Ada,729,2290
2943,Simulink,473,1190
2944,Simulink,970,2941
2945,Ada,309,1206
2946,Simulink,344,964
2947,Simulink,668,2417
2948,C#,1011,2478
2949,Ada,1025,3540
2950,Simulink,444,1646
2951,C#,605,1700
2952,C#,723,1687
2953,Ada,873,2949
2954,C#,758,2022
2955,C#,624,2006
2956,C#,946,2715
2957,Ada,1085,3504
2958,C#,945,2810
2959,Ada,915,3407
2960,Simulink,1039,3258
2961,Ada,616,2025
2962,C#,748,2073
2963,Ada,547,2225
2964,Ada,546,2126
2965,C#,446,1077
2966,Simulink,503,1844
2967,C#,938,2742
2968,C#,654,2215
2969,Ada,420,1121
2970,Simulink,1082,3176
2971,Simulink,1023,3219
2972,Ada,495,1569
2973,C#,553,1271
2974,C#,870,2053
2975,C#,789,2032
2976,Ada,801,2798
2977,Simulink,955,3331
2978,Simulink,962,2843
2979,C#,549,1984
2980,Ada,501,1981
2981,Simulink,386,1288
2982,Simulink,607,1624
2983,Ada,570,2122
2984,C#,1098,3270
2985,C#,552,1562
2986,Simulink,363,1004
2987,Ada,540,1800
2988,C#,417,894
2989,C#,397,1240
2990,C#,813,2321
2991,C#,686,2092
2992,C#,925,2977
2993,Ada,385,1026
2994,Simulink,743,2162
2995,C#,743,2215
2996,C#,1042,3295
2997,C#,1056,2759
2998,Ada,586,2081
2999,Ada,739,2304
3000,C#,659,1910
3001,C#,633,1492
3002,Simulink,1005,2778
3003,Ada,555,1865
3004,Ada,629,2325
3005,Simulink,801,2303
3006,C#,683,2067
3007,C#,381,972
3008,Ada,593,2164
3009,Simulink,382,1331
3010,C#,739,2426
3011,C#,441,1575
3012,Simulink,690,2068
3013,C#,571,1649
3014,Simulink,780,2330
3015,C#,698,1806
3016,C#,810,2331
3017,Ada,937,2863
3018,C#,989,2337
3019,Simulink,731,2659
3020,Ada,819,3043
3021,C#,455,1288
3022,Simulink,311,1100
3023,Simulink,1080,3554
3024,Ada,1055,3604
3025,C#,836,2397
3026,C#,886,2417
3027,Ada,518,2055
3028,C#,341,681
3029,Ada,935,2981
3030,C#,1001,2711
3031,Ada,501,1865
3032,Simulink,320,968
3033,C#,548,1915
3034,Ada,1012,3231
3035,Simulink,1022,3112
3036,Simulink,769,2219
3037,C#,311,1049
3038,C#,861,2183
3039,Simulink,343,1066
3040,Simulink,658,1944
3041,Simulink,820,2449
3042,C#,524,1589
3043,Ada,1087,4097
3044,C#,372,1302
3045,Ada,932,3402
3046,C#,841,2274
3047,Simulink,697,2450
3048,Ada,1053,3228
3049,Ada,655,2352
3050,Ada,713,2361
3051,C#,366,1004
3052,C#,663,1849
3053,Simulink,948,2977
3054,Ada,838,2961
3055,C#,954,2726
3056,Simulink,397,1429
3057,C#,955,2450
3058,C#,813,2453
3059,Simulink,993,3379
3060,C#,1064,2917
3061,Ada,573,1641
3062,C#,1026,2775
3063,Ada,961,3562
3064,Simulink,850,2216
3065,Simulink,816,2558
3066,C#,599,1736
3067,C#,927,2373
3068,Simulink,761,2321
3069,Ada,556,2089
3070,Ada,429,1335
3071,C#,1048,3155
3072,C#,337,1192
3073,Ada,715,2231
3074,Simulink,696,2475
3075,C#,432,1222
3076,Simulink,987,2840
3077,Ada,479,1336
3078,Ada,470,1812
3079,C#,630,1735
3080,C#,663,1898
3081,C#,729,2141
3082,Simulink,609,2101
3083,Simulink,881,2920
3084,Simulink,797,2336
3085,Ada,481,1783
3086,C#,847,2415
3087,C#,410,1356
3088,C#,547,1372
3089,C#,839,2249
3090,Ada,892,2716
3091,Simulink,544,1775
3092,Ada,886,2541
3093,Simulink,765,2385
3094,Ada,844,2785
3095,Simulink,353,1122
3096,C#,372,1393
3097,Simulink,1062,3471
3098,Simulink,1033,3041
3099,C#,900,2371
3100,C#,620,1746
3101,Simulink,801,2360
3102,C#,1025,2501
3103,Simulink,963,3118
3104,Ada,619,1971
3105,Simulink,480,1602
3106,C#,750,1814
3107,C#,583,1945
3108,Ada,494,1396
3109,C#,745,2034
3110,Ada,725,2474
3111,Simulink,789,2667
3112,Ada,1004,3448
3113,C#,576,1684
3114,Ada,473,1763
3115,Simulink,988,3059
3116,C#,587,1412
3117,C#,746,2154
3118,C#,852,2110
3119,Simulink,1059,3518
3120,Ada,537,2160
3121,C#,626,2121
3122,C#,923,3138
3123,Ada,537,2101
3124,Ada,789,2747
3125,Ada,342,1389
3126,C#,443,1561
3127,C#,325,1141
3128,Simulink,536,2024
3129,C#,1078,3512
3130,Ada,1059,3356
3131,C#,717,1920
3132,Simulink,797,2542
3133,C#,605,1667
3134,Ada,1009,3930
3135,Ada,1048,3566
3136,C#,691,1739
3137,Ada,791,3051
3138,C#,545,1796
3139,C#,1061,3531
3140,Simulink,929,2825
3141,Ada,841,2901
3142,Ada,462,1601
3143,Simulink,466,1374
3144,C#,619,1575
3145,Simulink,413,1107
3146,Simulink,942,2887
3147,Simulink,346,1242
3148,C#,898,2173
3149,Simulink,426,1204
3150,Simulink,430,1007
3151,Simulink,553,1586
3152,Ada,527,1633
3153,Simulink,903,2880
3154,Simulink,350,1319
3155,C#,363,1180
3156,C#,625,1992
3157,Simulink,704,2250
3158,C#,892,2295
3159,C#,441,1453
3160,C#,768,2077
3161,Ada,955,2844
3162,Ada,1036,3597
3163,C#,716,1898
3164,Simulink,577,1852
3165,C#,475,1564
3166,Simulink,386,1030
3167,C#,847,2588
3168,Simulink,1011,3233
3169,Ada,820,2916
3170,Simulink,977,2843
3171,C#,771,2121
3172,Ada,396,1501
3173,Ada,1000,3120
3174,Ada,943,3468
3175,Ada,905,2759
3176,Ada,396,1497
3177,Ada,922,3281
3178,Simulink,803,2786
3179,Simulink,623,1880
3180,Simulink,336,1173
3181,C#,733,2105
3182,C#,701,1983
3183,Simulink,490,1481
3184,C#,762,1970
3185,Ada,894,3279
3186,C#,583,1436
3187,C#,338,712
3188,Ada,464,1373
3189,Ada,632,2375
3190,Simulink,630,1783
3191,C#,366,1043
3192,Simulink,916,2709
3193,Simulink,681,2389
3194,Simulink,1021,2917
3195,Simulink,684,2184
3196,Ada,340,1053
3197,C#,972,3107
3198,C#,696,2112
3199,Ada,428,1543
3200,Simulink,412,1557
3201,Ada,939,2640
3202,Simulink,542,1725
3203,Ada,1039,3647
3204,Ada,621,1978
3205,Ada,974,3479
3206,C#,451,1443
3207,C#,531,1866
3208,C#,609,1570
3209,Ada,347,1270
3210,Simulink,810,2376
3211,C#,364,807
3212,C#,509,1439
3213,Ada,1014,3497
3214,Ada,511,1749
3215,Simulink,375,1330
3216,Ada,511,1883
3217,Ada,1030,3631
3218,Ada,615,2207
3219,Ada,406,1029
3220,Simulink,656,2126
3221,Ada,1054,3678
3222,Ada,829,2979
3223,C#,781,2177
3224,C#,665,1774
3225,Ada,946,3365
3226,Ada,698,2312
3227,C#,347,1387
3228,Ada,824,3094
3229,Ada,795,2885
3230,Simulink,408,1059
3231,Ada,850,2667
3232,C#,795,1886
3233,Ada,896,2580
3234,C#,566,1791
3235,C#,877,2355
3236,Ada,802,2529
3237,C#,987,3043
3238,C#,965,2889
3239,Simulink,487,1576
3240,C#,880,2490
3241,C#,925,2353
3242,Simulink,486,1275
3243,Simulink,354,1442
3244,C#,857,2012
3245,Ada,855,3103
3246,Simulink,399,961
3247,C#,954,3000
3248,C#,992,2920
3249,C#,889,2379
3250,C#,774,2135
3251,Ada,412,1282
3252,Simulink,907,2875
3253,Simulink,1011,2601
3254,C#,528,1256
3255,C#,1035,2901
3256,C#,958,2750
3257,Simulink,830,2215
3258,Simulink,998,3294
3259,Simulink,1045,3575
3260,Ada,763,2476
3261,Simulink,303,905
3262,C#,404,1297
3263,Ada,797,2629
3264,C#,601,2110
3265,C#,692,1838
3266,Ada,432,1511
3267,Simulink,647,2248
3268,C#,363,1013
3269,C#,459,1275
3270,Ada,1081,3894
3271,Ada,985,3145
3272,Simulink,697,1795
3273,Simulink,684,2146
3274,C#,621,1875
3275,Ada,442,1282
3276,Ada,486,2082
3277,Ada,576,2178
3278,Ada,1094,3406
3279,Ada,690,2393
3280,Simulink,313,1063
3281,Simulink,707,2121
3282,C#,706,1921
3283,C#,319,747
3284,Ada,327,1091
3285,Ada,887,2736
3286,Ada,505,1723
3287,Ada,381,1620
3288,Ada,495,1730
3289,Ada,833,2821
3290,Simulink,828,2414
3291,C#,325,836
3292,Simulink,857,2376
3293,C#,895,2415
3294,Simulink,423,1444
3295,C#,993,2850
3296,Simulink,726,1914
3297,Simulink,951,3227
3298,C#,928,2392
3299,C#,457,1503
3300,Ada,626,2424
3301,C#,329,1028
3302,Ada,579,2057
3303,Ada,979,3776
3304,Simulink,1030,3388
3305,Simulink,876,3035
3306,C#,1035,2742
3307,C#,1083,2681
3308,Simulink,1041,3251
3309,C#,326,720
3310,Ada,749,2719
3311,Ada,1020,3377
3312,Simulink,1078,3329
3313,Simulink,451,1470
3314,Ada,533,1397
3315,Simulink,650,1970
3316,Simulink,650,2274
3317,C#,629,2118
3318,Simulink,984,2914
3319,C#,899,2571
3320,C#,908,2528
3321,Ada,932,2820
3322,Simulink,718,2496
3323,Ada,526,2137
3324,Simulink,444,1468
3325,Simulink,806,2410
3326,C#,591,1702
3327,C#,830,2418
3328,Simulink,498,1689
3329,Simulink,300,801
3330,Ada,404,1734
3331,Simulink,1050,3266
3332,Simulink,735,2168
3333,Simulink,855,2397
3334,C#,1024,3150
3335,Ada,642,2361
3336,Simulink,832,2487
3337,C#,1000,2838
3338,C#,529,1340
3339,Simulink,640,2440
3340,C#,337,783
3341,Simulink,584,1653
3342,Simulink,977,3109
3343,C#,1050,2781
3344,Ada,484,1669
3345,Ada,683,2667
3346,Ada,919,2632
3347,C#,876,2557
3348,C#,646,1497
3349,Simulink,541,2163
3350,Ada,551,1864
3351,Ada,596,1677
3352,Simulink,509,1531
3353,Ada,600,2076
3354,Simulink,859,2685
3355,C#,404,1325
3356,Ada,952,3514
3357,C#,1022,2638
3358,Simulink,935,3274
3359,Simulink,820,2691
3360,C#,1089,3112
3361,Simulink,1089,3826
3362,C#,895,2081
3363,Ada,318,1264
3364,C#,592,2132
3365,Ada,541,1918
3366,C#,721,2001
3367,Ada,1097,3614
3368,Ada,757,2405
3369,Ada,933,3254
3370,C#,896,2436
3371,Ada,887,2950
3372,Ada,439,1427
3373,C#,811,2360
3374,Simulink,466,1370
3375,Ada,1082,3803
3376,C#,563,1973
3377,C#,868,2314
3378,Ada,391,1717
3379,C#,678,2198
3380,Ada,976,3409
3381,C#,304,942
3382,Simulink,426,1602
3383,Ada,782,2613
3384,Ada,613,2276
3385,Simulink,745,2171
3386,Ada,1035,4041
3387,Ada,1063,4164
3388,Ada,703,2828
3389,Ada,671,2414
3390,C#,980,3116
3391,Ada,487,1442
3392,Simulink,981,3468
3393,Ada,477,1979
3394,C#,995,3001
3395,C#,653,2010
3396,C#,663,2006
3397,Simulink,732,2185
3398,C#,726,1880
3399,C#,501,1681
3400,Ada,820,2575
3401,C#,708,1969
3402,C#,787,2329
3403,C#,607,1502
3404,C#,1006,2477
3405,Simulink,618,1925
3406,Simulink,452,1247
3407,Simulink,484,1604
3408,Simulink,963,2816
3409,Ada,1051,3559
3410,Ada,862,3211
3411,Simulink,570,1697
3412,C#,754,2218
3413,C#,402,1004
3414,Simulink,492,1399
3415,Ada,946,3230
3416,C#,357,1072
3417,Ada,460,2040
3418,Ada,970,3612
3419,C#,668,1654
3420,Simulink,756,2432
3421,Ada,415,1412
3422,Ada,319,952
3423,C#,581,1587
3424,Ada,313,1010
3425,Simulink,376,1101
3426,Simulink,912,2939
3427,Ada,451,1703
3428,C#,938,2303
3429,Ada,1006,3469
3430,Simulink,872,2356
3431,Simulink,1079,3286
3432,C#,354,970
3433,Ada,1070,4114
3434,Simulink,808,2304
3435,C#,459,1046
3436,Simulink,455,1309
3437,Simulink,384,1302
3438,C#,567,1478
3439,Simulink,494,1295
3440,C#,561,1807
3441,Simulink,360,1145
3442,C#,1048,2683
3443,Simulink,565,1940
3444,Simulink,834,2213
3445,Ada,940,3215
3446,C#,479,1545
3447,Simulink,446,1601
3448,Simulink,562,1960
3449,Simulink,622,1564
3450,Ada,1093,3553
3451,C#,993,2714
3452,C#,886,2754
3453,C#,651,1626
3454,Simulink,433,1435
3455,Simulink,306,730
3456,Simulink,398,1235
3457,Ada,990,3284
3458,Simulink,848,2509
3459,C#,409,980
3460,Ada,543,2183
3461,C#,1001,2831
3462,C#,455,1523
3463,Simulink,478,1678
3464,C#,628,1919
3465,Simulink,497,1563
3466,C#,790,2274
3467,C#,881,2427
3468,C#,1090,3098
3469,Ada,840,2987
3470,Simulink,1057,3171
3471,C#,629,2093
3472,Ada,758,2536
3473,Simulink,369,1156
3474,Ada,473,1634
3475,C#,1040,3005
3476,Simulink,933,2445
3477,Ada,334,921
3478,Ada,613,2197
3479,Ada,1057,3650
3480,C#,327,1103
3481,Simulink,430,1327
3482,C#,748,1999
3483,Simulink,799,2443
3484,Simulink,1065,3230
3485,Simulink,657,1786
3486,Ada,503,1783
3487,Ada,882,3047
3488,Ada,719,2240
3489,Simulink,987,3077
3490,C#,1053,2797
3491,C#,723,2149
3492,Simulink,301,1149
3493,Simulink,1066,2991
3494,Ada,378,1664
3495,Simulink,1036,3372
3496,C#,466,1451
3497,C#,662,2020
3498,C#,1095,3183
3499,C#,550,1404
3500,C#,936,3048
3501,Simulink,723,2218
3502,Ada,932,3342
3503,C#,858,2464
3504,Simulink,505,1319
3505,C#,782,1925
3506,Simulink,621,1676
3507,Simulink,730,2645
3508,C#,476,1110
3509,Simulink,717,2351
3510,C#,986,2925
3511,Simulink,412,1510
3512,Ada,378,1566
3513,Ada,397,1661
3514,Ada,518,2168
3515,C#,822,2349
3516,Simulink,925,2928
3517,Ada,803,2543
3518,Simulink,896,3227
3519,Ada,1076,3597
3520,C#,963,2316
3521,Simulink,872,2822
3522,C#,996,2920
3523,Simulink,672,2333
3524,Ada,738,2614
3525,C#,841,2136
3526,Simulink,597,1897
3527,Simulink,375,1251
3528,Ada,1076,3686
3529,Simulink,394,1219
3530,C#,642,1798
3531,Ada,497,1917
3532,Simulink,390,1308
3533,Simulink,398,1587
3534,C#,1078,3347
3535,C#,643,1698
3536,Ada,578,2057
3537,C#,548,1398
3538,Ada,326,1039
3539,Ada,1064,3647
3540,C#,606,1648
3541,Ada,732,2623
3542,Ada,496,2069
3543,Ada,586,2177
3544,Simulink,1056,3198
3545,C#,411,1214
3546,C#,688,1661
3547,C#,1074,2823
3548,C#,957,2825
3549,Simulink,792,2267
3550,Simulink,705,2584
3551,Simulink,978,3125
3552,Simulink,778,2443
3553,Simulink,356,1403
3554,C#,568,1542
3555,Ada,531,1529
3556,Ada,768,2761
3557,Ada,436,1288
3558,Simulink,501,1678
3559,C#,893,2532
3560,Simulink,829,2938
3561,Ada,945,3305
3562,Ada,643,2506
3563,Ada,439,1464
3564,Ada,821,2750
3565,C#,846,2322
3566,Simulink,340,1101
3567,Simulink,993,3223
3568,Simulink,629,2342
3569,C#,884,2825
3570,Ada,463,1898
3571,Ada,918,2820
3572,C#,914,2555
3573,Simulink,520,1457
3574,Ada,864,2918
3575,Simulink,932,2780
3576,C#,580,1416
3577,Ada,1040,3419
3578,Simulink,662,2235
3579,Ada,634,2148
3580,Ada,375,1058
3581,Ada,998,3646
3582,Simulink,730,2364
3583,Simulink,1037,3108
3584,Simulink,812,2780
3585,Ada,515,1600
3586,C#,604,1999
3587,Simulink,957,2713
3588,Ada,833,3076
3589,Simulink,415,1357
3590,C#,506,1393
3591,Ada,973,3556
3592,Simulink,472,1268
3593,C#,307,1042
3594,C#,1011,3138
3595,Simulink,713,2480
3596,C#,973,3123
3597,Simulink,508,1620
3598,Simulink,389,1154
3599,Ada,895,2797
3600,C#,1092,2605
3601,Ada,1019,3742
3602,Ada,973,3222
3603,C#,745,2146
3604,C#,820,2288
3605,C#,1064,3132
3606,C#,991,2481
3607,Ada,453,1391
3608,C#,400,1289
3609,Simulink,705,1923
3610,Simulink,1081,3478
3611,Ada,655,2609
3612,C#,677,2179
3613,Simulink,310,1068
3614,C#,354,1182
3615,C#,476,1699
3616,C#,754,2343
3617,C#,720,2092
3618,C#,415,1432
3619,Ada,1070,3282
3620,Ada,652,2527
3621,Simulink,801,2469
3622,Ada,741,2537
3623,Ada,778,2694
3624,Ada,490,1272
3625,Ada,711,2166
3626,C#,857,2403
3627,C#,621,1939
3628,C#,387,1352
3629,Simulink,728,2445
3630,Ada,978,2746
3631,Simulink,462,1406
3632,Ada,684,2450
3633,C#,888,2315
3634,Ada,323,1392
3635,C#,504,1257
3636,Simulink,820,2770
3637,Ada,646,2065
3638,Ada,770,2273
3639,C#,706,1979
3640,C#,905,2568
3641,Simulink,1058,3511
3642,C#,512,1717
3643,Ada,654,2111
3644,Ada,982,3242
3645,Ada,467,1659
3646,C#,633,2198
3647,C#,1023,3010
3648,C#,951,2532
3649,Ada,1034,3621
3650,Simulink,336,1128
3651,C#,751,2070
3652,Ada,599,2295
3653,Simulink,578,1821
3654,Ada,515,1652
3655,C#,645,1615
3656,Simulink,818,2799
3657,Ada,981,3502
3658,C#,838,2382
3659,C#,728,2536
3660,C#,398,1137
3661,Simulink,931,2998
3662,Simulink,480,1675
3663,Ada,640,2135
3664,Ada,519,1769
3665,Ada,974,3248
3666,C#,303,1029
3667,Ada,548,2069
3668,C#,709,1722
3669,Simulink,860,2956
3670,C#,1084,2956
3671,C#,942,2661
3672,C#,849,2658
3673,Ada,549,1633
3674,Simulink,914,2506
3675,C#,522,1735
3676,Simulink,575,1550
3677,C#,366,1127
3678,Simulink,363,1298
3679,Ada,514,1627
3680,Simulink,1029,2869
3681,Ada,879,3499
3682,C#,928,2095
3683,Simulink,303,899
3684,Ada,446,1587
3685,Simulink,974,3074
3686,Simulink,722,1880
3687,Simulink,480,1354
3688,Ada,461,1362
3689,Simulink,1019,2803
3690,C#,615,1693
3691,Simulink,868,2407
3692,Ada,610,1826
3693,Simulink,325,842
3694,Ada,777,2697
3695,Ada,703,2367
3696,Simulink,1090,3439
3697,C#,350,1265
3698,Ada,732,2162
3699,Ada,884,3166
3700,Ada,712,2214
3701,Ada,814,2848
3702,Ada,905,3221
3703,Ada,1022,3049
3704,C#,998,2636
3705,Ada,462,1727
3706,C#,336,1108
3707,Simulink,1097,3351
3708,C#,544,1819
3709,C#,534,1430
3710,C#,653,2202
3711,C#,330,1273
3712,Ada,490,1738
3713,Simulink,750,2285
3714,C#,332,1291
3715,C#,605,1554
3716,Ada,306,1385
3717,C#,740,2084
3718,Simulink,426,1152
3719,C#,464,1543
3720,Simulink,528,1763
3721,Simulink,452,1231
3722,Simulink,799,2300
3723,Simulink,768,2608
3724,C#,842,2424
3725,Ada,835,2562
3726,Simulink,519,1935
3727,C#,800,2159
3728,Ada,710,2382
3729,C#,300,619
3730,C#,455,1283
3731,Simulink,364,1030
3732,Simulink,867,2544
3733,Ada,412,1526
3734,Ada,894,2957
3735,Simulink,427,1353
3736,C#,831,2176
3737,C#,750,2566
3738,C#,787,1916
3739,C#,300,633
3740,C#,721,2216
3741,Ada,977,3457
3742,Simulink,330,957
3743,Simulink,777,2277
3744,Simulink,778,2315
3745,C#,400,1329
3746,Simulink,366,1270
3747,Simulink,888,3033
3748,Simulink,654,2233
3749,Ada,548,2072
3750,Simulink,866,2754
3751,C#,1059,3150
3752,Ada,424,1687
3753,C#,1041,2817
3754,C#,304,963
3755,C#,666,1773
3756,C#,377,981
3757,Ada,843,2767
3758,C#,542,1722
3759,Simulink,500,1516
3760,C#,908,2664
3761,C#,398,1507
3762,Simulink,832,2420
3763,Simulink,338,1230
3764,Simulink,509,1501
3765,Simulink,1064,3152
3766,Simulink,379,1543
3767,Simulink,386,1109
3768,Ada,998,3232
3769,Ada,969,3190
3770,Simulink,450,1627
3771,C#,320,731
3772,C#,808,1951
3773,Simulink,957,3386
3774,C#,1017,2576
3775,Simulink,473,1801
3776,C#,376,1308
3777,Ada,826,3054
3778,Simulink,1032,2965
3779,Ada,914,2983
3780,Ada,1058,3120
3781,C#,412,980
3782,Ada,951,3091
3783,C#,636,2001
3784,C#,811,2424
3785,Ada,537,1615
3786,Simulink,363,1306
3787,Ada,748,2420
3788,Simulink,801,2693
3789,Ada,399,1307
3790,Simulink,337,951
3791,Simulink,629,1867
3792,C#,682,1824
3793,C#,419,1171
3794,Simulink,607,2102
3795,Simulink,758,1988
3796,C#,452,1065
3797,Ada,662,2384
3798,Simulink,339,1158
3799,Ada,310,927
3800,Ada,681,2389
3801,Ada,751,2561
3802,Ada,585,2285
3803,Ada,769,2217
3804,Ada,641,2133
3805,Simulink,876,2812
3806,Ada,696,2301
3807,Ada,908,3018
3808,Simulink,880,3136
3809,Ada,316,999
3810,Simulink,981,2867
3811,C#,828,2339
3812,Ada,704,2715
3813,C#,353,1288
3814,Simulink,590,1900
3815,Simulink,392,1065
3816,Ada,536,1604
3817,Ada,358,1225
3818,Ada,467,1389
3819,Simulink,431,999
3820,Simulink,491,1435
3821,C#,784,2353
3822,Simulink,742,2191
3823,C#,1076,3284
3824,C#,621,2179
3825,C#,641,1609
3826,C#,642,2133
3827,C#,961,2743
3828,Simulink,439,1542
3829,Ada,619,2026
3830,Simulink,351,1032
3831,C#,903,2759
3832,Simulink,871,2653
3833,Simulink,535,1517
3834,C#,533,1334
3835,Simulink,945,2647
3836,Simulink,692,2217
3837,Simulink,1100,3464
3838,C#,478,1575
3839,Simulink,662,2243
3840,Simulink,884,2623
3841,C#,805,2278
3842,Simulink,713,1950
3843,Simulink,930,3027
3844,Ada,1036,3609
3845,Ada,335,1206
3846,Ada,869,3075
3847,Simulink,852,2457
3848,C#,554,1629
3849,Ada,674,2659
3850,C#,808,2239
3851,Simulink,889,2966
3852,Ada,919,2964
3853,Simulink,409,1726
3854,C#,397,1444
3855,C#,627,1649
3856,Simulink,661,2270
3857,Ada,409,1275
3858,C#,691,1947
3859,Simulink,700,2425
3860,Ada,917,3195
3861,Simulink,839,2856
3862,Simulink,506,1821
3863,C#,950,2921
3864,Simulink,1043,2663
3865,Ada,842,2827
3866,Ada,700,2234
3867,Simulink,848,2878
3868,C#,674,1867
3869,Simulink,981,2831
3870,Simulink,654,1953
3871,Simulink,653,1705
3872,Simulink,834,2872
3873,Simulink,749,2353
3874,C#,1098,2559
3875,Ada,660,2728
3876,Simulink,881,2787
3877,C#,832,2448
3878,Ada,705,2491
3879,Ada,925,2607
3880,Simulink,893,2948
3881,C#,345,1152
3882,Simulink,470,1581
3883,Ada,391,1308
3884,Simulink,510,1645
3885,Ada,857,2760
3886,Ada,650,1993
3887,Simulink,990,2945
3888,Simulink,1083,2918
3889,Ada,510,1967
3890,Simulink,384,1440
3891,Ada,660,2161
3892,C#,840,2244
3893,Ada,879,3004
3894,C#,309,796
3895,Simulink,445,1634
3896,Ada,458,1437
3897,C#,873,2472
3898,Ada,1026,3561
3899,C#,682,2273
3900,Simulink,721,2237
3901,Simulink,922,2635
3902,Simulink,470,1535
3903,Simulink,921,2836
3904,Ada,704,2759
3905,C#,580,1797
3906,Ada,430,1458
3907,Simulink,819,2424
3908,Ada,990,3369
3909,Ada,730,2458
3910,Simulink,315,819
3911,Simulink,328,827
3912,Simulink,667,2274
3913,C#,422,1036
3914,Simulink,791,2652
3915,Ada,367,1413
3916,Ada,419,1563
3917,Ada,1096,3572
3918,Simulink,662,2196
3919,Simulink,419,1182
3920,C#,414,899
3921,Simulink,822,2477
3922,C#,341,776
3923,Ada,650,2510
3924,Ada,556,1962
3925,C#,674,1782
3926,Simulink,1084,3665
3927,Simulink,739,2313
3928,C#,908,2171
3929,Ada,346,1402
3930,Simulink,489,1297
3931,Simulink,984,3132
3932,C#,307,1043
3933,Ada,659,2678
3934,Simulink,382,1083
3935,C#,322,1051
3936,Ada,621,2404
3937,Simulink,903,2793
3938,Simulink,1085,3215
3939,Ada,795,2378
3940,Simulink,1041,2978
3941,C#,572,1642
3942,Ada,728,2375
3943,Simulink,711,2125
3944,Simulink,460,1841
3945,C#,979,2943
3946,Simulink,817,2793
3947,C#,1040,3237
3948,C#,542,1728
3949,Simulink,627,2157
3950,C#,443,921
3951,Ada,627,1833
3952,Ada,304,817
3953,C#,441,1500
3954,Ada,318,1144
3955,C#,943,2811
3956,C#,808,1953
3957,Ada,530,1695
3958,C#,613,1708
3959,Ada,838,2888
3960,C#,450,1338
3961,Ada,913,2724
3962,C#,1050,3038
3963,C#,441,1141
3964,Ada,838,2928
3965,C#,697,1820
3966,C#,409,1397
3967,C#,745,2116
3968,Ada,588,1824
3969,C#,548,1764
3970,Simulink,403,1335
3971,Simulink,821,2793
3972,C#,368,1356
3973,Ada,980,3611
3974,C#,1010,2923
3975,C#,902,2290
3976,Simulink,1056,3521
3977,Simulink,515,1807
3978,C#,950,2523
3979,C#,1073,2970
3980,Ada,625,2172
3981,C#,456,1587
3982,C#,1010,2901
3983,C#,606,1374
3984,C#,981,2994
3985,Simulink,785,2526
3986,Simulink,352,978
3987,Ada,1032,3575
3988,Ada,821,2731
3989,C#,903,2587
3990,C#,935,2616
3991,C#,855,2601
3992,C#,650,1481
3993,Simulink,818,2577
3994,Simulink,813,2401
3995,C#,691,1710
3996,Ada,329,1004
3997,C#,711,2173
3998,C#,840,2104
3999,Ada,791,2756
4000,Ada,1019,3303
